geoid,geoid20,year,pantry_count
1400000US06037104103,6037104103,2020,1
1400000US06037104201,6037104201,2020,1
1400000US06037104822,6037104822,2020,1
1400000US06037106646,6037106646,2020,1
1400000US06037111402,6037111402,2020,1
1400000US06037113303,6037113303,2020,2
1400000US06037117303,6037117303,2020,1
1400000US06037117405,6037117405,2020,1
1400000US06037121600,6037121600,2020,1
1400000US06037123010,6037123010,2020,1
1400000US06037127210,6037127210,2020,1
1400000US06037127220,6037127220,2020,1
1400000US06037127805,6037127805,2020,1
1400000US06037128303,6037128303,2020,1
1400000US06037131023,6037131023,2020,1
1400000US06037134520,6037134520,2020,1
1400000US06037135111,6037135111,2020,1
1400000US06037137202,6037137202,2020,1
1400000US06037141400,6037141400,2020,1
1400000US06037143200,6037143200,2020,1
1400000US06037143302,6037143302,2020,1
1400000US06037183104,6037183104,2020,1
1400000US06037188201,6037188201,2020,1
1400000US06037189101,6037189101,2020,1
1400000US06037190701,6037190701,2020,1
1400000US06037195710,6037195710,2020,1
1400000US06037197500,6037197500,2020,1
1400000US06037199201,6037199201,2020,1
1400000US06037206050,6037206050,2020,1
1400000US06037207102,6037207102,2020,1
1400000US06037207711,6037207711,2020,1
1400000US06037211122,6037211122,2020,1
1400000US06037211124,6037211124,2020,1
1400000US06037211704,6037211704,2020,1
1400000US06037211802,6037211802,2020,3
1400000US06037211804,6037211804,2020,1
1400000US06037212202,6037212202,2020,1
1400000US06037212204,6037212204,2020,1
1400000US06037212303,6037212303,2020,1
1400000US06037213310,6037213310,2020,1
1400000US06037217001,6037217001,2020,1
1400000US06037218120,6037218120,2020,1
1400000US06037218300,6037218300,2020,1
1400000US06037220000,6037220000,2020,1
1400000US06037221402,6037221402,2020,2
1400000US06037222002,6037222002,2020,1
1400000US06037224020,6037224020,2020,1
1400000US06037224320,6037224320,2020,1
1400000US06037224702,6037224702,2020,2
1400000US06037226001,6037226001,2020,1
1400000US06037226702,6037226702,2020,1
1400000US06037228100,6037228100,2020,1
1400000US06037232300,6037232300,2020,1
1400000US06037234700,6037234700,2020,2
1400000US06037238100,6037238100,2020,1
1400000US06037239502,6037239502,2020,1
1400000US06037240200,6037240200,2020,1
1400000US06037242300,6037242300,2020,1
1400000US06037273300,6037273300,2020,2
1400000US06037275200,6037275200,2020,1
1400000US06037296600,6037296600,2020,2
1400000US06037302401,6037302401,2020,2
1400000US06037320300,6037320300,2020,1
1400000US06037400605,6037400605,2020,1
1400000US06037401203,6037401203,2020,1
1400000US06037401500,6037401500,2020,1
1400000US06037402102,6037402102,2020,1
1400000US06037402200,6037402200,2020,1
1400000US06037402702,6037402702,2020,1
1400000US06037404600,6037404600,2020,1
1400000US06037404701,6037404701,2020,1
1400000US06037404804,6037404804,2020,1
1400000US06037405102,6037405102,2020,1
1400000US06037406000,6037406000,2020,1
1400000US06037408402,6037408402,2020,1
1400000US06037430901,6037430901,2020,1
1400000US06037432402,6037432402,2020,1
1400000US06037434100,6037434100,2020,1
1400000US06037461000,6037461000,2020,1
1400000US06037462100,6037462100,2020,1
1400000US06037462700,6037462700,2020,1
1400000US06037481101,6037481101,2020,1
1400000US06037502700,6037502700,2020,1
1400000US06037530302,6037530302,2020,1
1400000US06037530500,6037530500,2020,1
1400000US06037531000,6037531000,2020,1
1400000US06037531101,6037531101,2020,1
1400000US06037531701,6037531701,2020,1
1400000US06037532002,6037532002,2020,1
1400000US06037533105,6037533105,2020,1
1400000US06037534405,6037534405,2020,1
1400000US06037535101,6037535101,2020,1
1400000US06037535300,6037535300,2020,1
1400000US06037540700,6037540700,2020,2
1400000US06037542106,6037542106,2020,1
1400000US06037542401,6037542401,2020,1
1400000US06037542402,6037542402,2020,1
1400000US06037542502,6037542502,2020,1
1400000US06037542602,6037542602,2020,1
1400000US06037543502,6037543502,2020,1
1400000US06037543603,6037543603,2020,1
1400000US06037543804,6037543804,2020,1
1400000US06037553502,6037553502,2020,1
1400000US06037572201,6037572201,2020,1
1400000US06037572600,6037572600,2020,1
1400000US06037574400,6037574400,2020,1
1400000US06037576200,6037576200,2020,2
1400000US06037576301,6037576301,2020,1
1400000US06037577000,6037577000,2020,2
1400000US06037600302,6037600302,2020,1
1400000US06037600304,6037600304,2020,1
1400000US06037601501,6037601501,2020,1
1400000US06037602601,6037602601,2020,1
1400000US06037602900,6037602900,2020,1
1400000US06037603802,6037603802,2020,1
1400000US06037609900,6037609900,2020,1
1400000US06037621001,6037621001,2020,1
1400000US06037621400,6037621400,2020,1
1400000US06037670002,6037670002,2020,1
1400000US06037670101,6037670101,2020,1
1400000US06037701701,6037701701,2020,1
1400000US06037701902,6037701902,2020,1
1400000US06037702501,6037702501,2020,1
1400000US06037900701,6037900701,2020,1
1400000US06037900704,6037900704,2020,1
1400000US06037900806,6037900806,2020,2
1400000US06037910815,6037910815,2020,1
1400000US06037920115,6037920115,2020,1
1400000US06037920312,6037920312,2020,1
1400000US06037920341,6037920341,2020,1
1400000US06037980008,6037980008,2020,1
1400000US06037101110,6037101110,2020,0
1400000US06037101122,6037101122,2020,0
1400000US06037101220,6037101220,2020,0
1400000US06037101221,6037101221,2020,0
1400000US06037101222,6037101222,2020,0
1400000US06037101300,6037101300,2020,0
1400000US06037101400,6037101400,2020,0
1400000US06037102103,6037102103,2020,0
1400000US06037102104,6037102104,2020,0
1400000US06037102105,6037102105,2020,0
1400000US06037102107,6037102107,2020,0
1400000US06037103101,6037103101,2020,0
1400000US06037103102,6037103102,2020,0
1400000US06037103201,6037103201,2020,0
1400000US06037103202,6037103202,2020,0
1400000US06037103300,6037103300,2020,0
1400000US06037103401,6037103401,2020,0
1400000US06037103402,6037103402,2020,0
1400000US06037104105,6037104105,2020,0
1400000US06037104108,6037104108,2020,0
1400000US06037104124,6037104124,2020,0
1400000US06037104203,6037104203,2020,0
1400000US06037104204,6037104204,2020,0
1400000US06037104310,6037104310,2020,0
1400000US06037104321,6037104321,2020,0
1400000US06037104322,6037104322,2020,0
1400000US06037104401,6037104401,2020,0
1400000US06037104403,6037104403,2020,0
1400000US06037104404,6037104404,2020,0
1400000US06037104500,6037104500,2020,0
1400000US06037104610,6037104610,2020,0
1400000US06037104620,6037104620,2020,0
1400000US06037104701,6037104701,2020,0
1400000US06037104703,6037104703,2020,0
1400000US06037104704,6037104704,2020,0
1400000US06037104821,6037104821,2020,0
1400000US06037104823,6037104823,2020,0
1400000US06037104824,6037104824,2020,0
1400000US06037106010,6037106010,2020,0
1400000US06037106020,6037106020,2020,0
1400000US06037106111,6037106111,2020,0
1400000US06037106112,6037106112,2020,0
1400000US06037106113,6037106113,2020,0
1400000US06037106114,6037106114,2020,0
1400000US06037106403,6037106403,2020,0
1400000US06037106405,6037106405,2020,0
1400000US06037106406,6037106406,2020,0
1400000US06037106407,6037106407,2020,0
1400000US06037106408,6037106408,2020,0
1400000US06037106510,6037106510,2020,0
1400000US06037106520,6037106520,2020,0
1400000US06037106603,6037106603,2020,0
1400000US06037106604,6037106604,2020,0
1400000US06037106641,6037106641,2020,0
1400000US06037106642,6037106642,2020,0
1400000US06037106643,6037106643,2020,0
1400000US06037106645,6037106645,2020,0
1400000US06037106648,6037106648,2020,0
1400000US06037106649,6037106649,2020,0
1400000US06037107010,6037107010,2020,0
1400000US06037107020,6037107020,2020,0
1400000US06037108101,6037108101,2020,0
1400000US06037108102,6037108102,2020,0
1400000US06037108103,6037108103,2020,0
1400000US06037108104,6037108104,2020,0
1400000US06037108202,6037108202,2020,0
1400000US06037108203,6037108203,2020,0
1400000US06037108204,6037108204,2020,0
1400000US06037109100,6037109100,2020,0
1400000US06037109200,6037109200,2020,0
1400000US06037109300,6037109300,2020,0
1400000US06037109400,6037109400,2020,0
1400000US06037109500,6037109500,2020,0
1400000US06037109601,6037109601,2020,0
1400000US06037109603,6037109603,2020,0
1400000US06037109604,6037109604,2020,0
1400000US06037109700,6037109700,2020,0
1400000US06037109800,6037109800,2020,0
1400000US06037111100,6037111100,2020,0
1400000US06037111201,6037111201,2020,0
1400000US06037111202,6037111202,2020,0
1400000US06037111204,6037111204,2020,0
1400000US06037111205,6037111205,2020,0
1400000US06037111206,6037111206,2020,0
1400000US06037111302,6037111302,2020,0
1400000US06037111303,6037111303,2020,0
1400000US06037111304,6037111304,2020,0
1400000US06037111401,6037111401,2020,0
1400000US06037113101,6037113101,2020,0
1400000US06037113102,6037113102,2020,0
1400000US06037113211,6037113211,2020,0
1400000US06037113212,6037113212,2020,0
1400000US06037113213,6037113213,2020,0
1400000US06037113231,6037113231,2020,0
1400000US06037113232,6037113232,2020,0
1400000US06037113234,6037113234,2020,0
1400000US06037113235,6037113235,2020,0
1400000US06037113237,6037113237,2020,0
1400000US06037113238,6037113238,2020,0
1400000US06037113239,6037113239,2020,0
1400000US06037113301,6037113301,2020,0
1400000US06037113322,6037113322,2020,0
1400000US06037113323,6037113323,2020,0
1400000US06037113324,6037113324,2020,0
1400000US06037113423,6037113423,2020,0
1400000US06037113424,6037113424,2020,0
1400000US06037113425,6037113425,2020,0
1400000US06037113426,6037113426,2020,0
1400000US06037113427,6037113427,2020,0
1400000US06037113428,6037113428,2020,0
1400000US06037115101,6037115101,2020,0
1400000US06037115103,6037115103,2020,0
1400000US06037115104,6037115104,2020,0
1400000US06037115202,6037115202,2020,0
1400000US06037115203,6037115203,2020,0
1400000US06037115204,6037115204,2020,0
1400000US06037115301,6037115301,2020,0
1400000US06037115302,6037115302,2020,0
1400000US06037115401,6037115401,2020,0
1400000US06037115403,6037115403,2020,0
1400000US06037115404,6037115404,2020,0
1400000US06037117101,6037117101,2020,0
1400000US06037117102,6037117102,2020,0
1400000US06037117201,6037117201,2020,0
1400000US06037117202,6037117202,2020,0
1400000US06037117301,6037117301,2020,0
1400000US06037117302,6037117302,2020,0
1400000US06037117404,6037117404,2020,0
1400000US06037117407,6037117407,2020,0
1400000US06037117408,6037117408,2020,0
1400000US06037117510,6037117510,2020,0
1400000US06037117520,6037117520,2020,0
1400000US06037117530,6037117530,2020,0
1400000US06037119001,6037119001,2020,0
1400000US06037119003,6037119003,2020,0
1400000US06037119004,6037119004,2020,0
1400000US06037119201,6037119201,2020,0
1400000US06037119202,6037119202,2020,0
1400000US06037119310,6037119310,2020,0
1400000US06037119320,6037119320,2020,0
1400000US06037119340,6037119340,2020,0
1400000US06037119341,6037119341,2020,0
1400000US06037119342,6037119342,2020,0
1400000US06037119400,6037119400,2020,0
1400000US06037119700,6037119700,2020,0
1400000US06037119801,6037119801,2020,0
1400000US06037119802,6037119802,2020,0
1400000US06037119900,6037119900,2020,0
1400000US06037120010,6037120010,2020,0
1400000US06037120020,6037120020,2020,0
1400000US06037120030,6037120030,2020,0
1400000US06037120103,6037120103,2020,0
1400000US06037120104,6037120104,2020,0
1400000US06037120105,6037120105,2020,0
1400000US06037120106,6037120106,2020,0
1400000US06037120107,6037120107,2020,0
1400000US06037120108,6037120108,2020,0
1400000US06037120300,6037120300,2020,0
1400000US06037120400,6037120400,2020,0
1400000US06037121010,6037121010,2020,0
1400000US06037121020,6037121020,2020,0
1400000US06037121101,6037121101,2020,0
1400000US06037121102,6037121102,2020,0
1400000US06037121210,6037121210,2020,0
1400000US06037121221,6037121221,2020,0
1400000US06037121222,6037121222,2020,0
1400000US06037121801,6037121801,2020,0
1400000US06037121802,6037121802,2020,0
1400000US06037121900,6037121900,2020,0
1400000US06037122000,6037122000,2020,0
1400000US06037122120,6037122120,2020,0
1400000US06037122121,6037122121,2020,0
1400000US06037122122,6037122122,2020,0
1400000US06037122200,6037122200,2020,0
1400000US06037122410,6037122410,2020,0
1400000US06037122420,6037122420,2020,0
1400000US06037123020,6037123020,2020,0
1400000US06037123103,6037123103,2020,0
1400000US06037123104,6037123104,2020,0
1400000US06037123203,6037123203,2020,0
1400000US06037123204,6037123204,2020,0
1400000US06037123205,6037123205,2020,0
1400000US06037123206,6037123206,2020,0
1400000US06037123301,6037123301,2020,0
1400000US06037123303,6037123303,2020,0
1400000US06037123304,6037123304,2020,0
1400000US06037123410,6037123410,2020,0
1400000US06037123420,6037123420,2020,0
1400000US06037123510,6037123510,2020,0
1400000US06037123520,6037123520,2020,0
1400000US06037123601,6037123601,2020,0
1400000US06037123602,6037123602,2020,0
1400000US06037123700,6037123700,2020,0
1400000US06037123800,6037123800,2020,0
1400000US06037123901,6037123901,2020,0
1400000US06037123902,6037123902,2020,0
1400000US06037124000,6037124000,2020,0
1400000US06037124102,6037124102,2020,0
1400000US06037124103,6037124103,2020,0
1400000US06037124104,6037124104,2020,0
1400000US06037124105,6037124105,2020,0
1400000US06037124201,6037124201,2020,0
1400000US06037124203,6037124203,2020,0
1400000US06037124204,6037124204,2020,0
1400000US06037124300,6037124300,2020,0
1400000US06037124400,6037124400,2020,0
1400000US06037124500,6037124500,2020,0
1400000US06037124600,6037124600,2020,0
1400000US06037124700,6037124700,2020,0
1400000US06037124902,6037124902,2020,0
1400000US06037124903,6037124903,2020,0
1400000US06037125101,6037125101,2020,0
1400000US06037125102,6037125102,2020,0
1400000US06037125200,6037125200,2020,0
1400000US06037125310,6037125310,2020,0
1400000US06037125321,6037125321,2020,0
1400000US06037125322,6037125322,2020,0
1400000US06037125402,6037125402,2020,0
1400000US06037125403,6037125403,2020,0
1400000US06037125404,6037125404,2020,0
1400000US06037125501,6037125501,2020,0
1400000US06037125502,6037125502,2020,0
1400000US06037125600,6037125600,2020,0
1400000US06037127102,6037127102,2020,0
1400000US06037127103,6037127103,2020,0
1400000US06037127104,6037127104,2020,0
1400000US06037127300,6037127300,2020,0
1400000US06037127400,6037127400,2020,0
1400000US06037127520,6037127520,2020,0
1400000US06037127603,6037127603,2020,0
1400000US06037127604,6037127604,2020,0
1400000US06037127605,6037127605,2020,0
1400000US06037127606,6037127606,2020,0
1400000US06037127711,6037127711,2020,0
1400000US06037127712,6037127712,2020,0
1400000US06037127803,6037127803,2020,0
1400000US06037127804,6037127804,2020,0
1400000US06037127806,6037127806,2020,0
1400000US06037127910,6037127910,2020,0
1400000US06037127920,6037127920,2020,0
1400000US06037128101,6037128101,2020,0
1400000US06037128102,6037128102,2020,0
1400000US06037128210,6037128210,2020,0
1400000US06037128220,6037128220,2020,0
1400000US06037128302,6037128302,2020,0
1400000US06037128400,6037128400,2020,0
1400000US06037128500,6037128500,2020,0
1400000US06037128601,6037128601,2020,0
1400000US06037128602,6037128602,2020,0
1400000US06037128703,6037128703,2020,0
1400000US06037128704,6037128704,2020,0
1400000US06037128801,6037128801,2020,0
1400000US06037128802,6037128802,2020,0
1400000US06037128910,6037128910,2020,0
1400000US06037131021,6037131021,2020,0
1400000US06037131022,6037131022,2020,0
1400000US06037131024,6037131024,2020,0
1400000US06037131100,6037131100,2020,0
1400000US06037131200,6037131200,2020,0
1400000US06037131300,6037131300,2020,0
1400000US06037131400,6037131400,2020,0
1400000US06037131600,6037131600,2020,0
1400000US06037131701,6037131701,2020,0
1400000US06037131702,6037131702,2020,0
1400000US06037131801,6037131801,2020,0
1400000US06037131802,6037131802,2020,0
1400000US06037131900,6037131900,2020,0
1400000US06037132001,6037132001,2020,0
1400000US06037132002,6037132002,2020,0
1400000US06037132101,6037132101,2020,0
1400000US06037132102,6037132102,2020,0
1400000US06037132301,6037132301,2020,0
1400000US06037132302,6037132302,2020,0
1400000US06037132501,6037132501,2020,0
1400000US06037132502,6037132502,2020,0
1400000US06037132700,6037132700,2020,0
1400000US06037132900,6037132900,2020,0
1400000US06037133000,6037133000,2020,0
1400000US06037133101,6037133101,2020,0
1400000US06037133102,6037133102,2020,0
1400000US06037134001,6037134001,2020,0
1400000US06037134002,6037134002,2020,0
1400000US06037134101,6037134101,2020,0
1400000US06037134103,6037134103,2020,0
1400000US06037134104,6037134104,2020,0
1400000US06037134201,6037134201,2020,0
1400000US06037134302,6037134302,2020,0
1400000US06037134303,6037134303,2020,0
1400000US06037134304,6037134304,2020,0
1400000US06037134305,6037134305,2020,0
1400000US06037134306,6037134306,2020,0
1400000US06037134421,6037134421,2020,0
1400000US06037134422,6037134422,2020,0
1400000US06037134423,6037134423,2020,0
1400000US06037134424,6037134424,2020,0
1400000US06037134521,6037134521,2020,0
1400000US06037134522,6037134522,2020,0
1400000US06037134710,6037134710,2020,0
1400000US06037134720,6037134720,2020,0
1400000US06037134801,6037134801,2020,0
1400000US06037134802,6037134802,2020,0
1400000US06037134901,6037134901,2020,0
1400000US06037134904,6037134904,2020,0
1400000US06037134905,6037134905,2020,0
1400000US06037134906,6037134906,2020,0
1400000US06037134907,6037134907,2020,0
1400000US06037135102,6037135102,2020,0
1400000US06037135113,6037135113,2020,0
1400000US06037135115,6037135115,2020,0
1400000US06037135116,6037135116,2020,0
1400000US06037135201,6037135201,2020,0
1400000US06037135202,6037135202,2020,0
1400000US06037135204,6037135204,2020,0
1400000US06037135205,6037135205,2020,0
1400000US06037137000,6037137000,2020,0
1400000US06037137103,6037137103,2020,0
1400000US06037137104,6037137104,2020,0
1400000US06037137203,6037137203,2020,0
1400000US06037137301,6037137301,2020,0
1400000US06037137302,6037137302,2020,0
1400000US06037137401,6037137401,2020,0
1400000US06037137402,6037137402,2020,0
1400000US06037137501,6037137501,2020,0
1400000US06037137502,6037137502,2020,0
1400000US06037137504,6037137504,2020,0
1400000US06037138000,6037138000,2020,0
1400000US06037139001,6037139001,2020,0
1400000US06037139200,6037139200,2020,0
1400000US06037139301,6037139301,2020,0
1400000US06037139302,6037139302,2020,0
1400000US06037139303,6037139303,2020,0
1400000US06037139401,6037139401,2020,0
1400000US06037139402,6037139402,2020,0
1400000US06037139502,6037139502,2020,0
1400000US06037139504,6037139504,2020,0
1400000US06037139505,6037139505,2020,0
1400000US06037139506,6037139506,2020,0
1400000US06037139600,6037139600,2020,0
1400000US06037139701,6037139701,2020,0
1400000US06037139703,6037139703,2020,0
1400000US06037139704,6037139704,2020,0
1400000US06037139705,6037139705,2020,0
1400000US06037139801,6037139801,2020,0
1400000US06037139802,6037139802,2020,0
1400000US06037141101,6037141101,2020,0
1400000US06037141102,6037141102,2020,0
1400000US06037141201,6037141201,2020,0
1400000US06037141202,6037141202,2020,0
1400000US06037141303,6037141303,2020,0
1400000US06037141304,6037141304,2020,0
1400000US06037141305,6037141305,2020,0
1400000US06037141306,6037141306,2020,0
1400000US06037141500,6037141500,2020,0
1400000US06037141600,6037141600,2020,0
1400000US06037141700,6037141700,2020,0
1400000US06037143101,6037143101,2020,0
1400000US06037143102,6037143102,2020,0
1400000US06037143301,6037143301,2020,0
1400000US06037143401,6037143401,2020,0
1400000US06037143402,6037143402,2020,0
1400000US06037143500,6037143500,2020,0
1400000US06037143602,6037143602,2020,0
1400000US06037143603,6037143603,2020,0
1400000US06037143605,6037143605,2020,0
1400000US06037143606,6037143606,2020,0
1400000US06037143700,6037143700,2020,0
1400000US06037143801,6037143801,2020,0
1400000US06037143802,6037143802,2020,0
1400000US06037143901,6037143901,2020,0
1400000US06037143902,6037143902,2020,0
1400000US06037181000,6037181000,2020,0
1400000US06037181300,6037181300,2020,0
1400000US06037181400,6037181400,2020,0
1400000US06037181500,6037181500,2020,0
1400000US06037181600,6037181600,2020,0
1400000US06037183101,6037183101,2020,0
1400000US06037183103,6037183103,2020,0
1400000US06037183220,6037183220,2020,0
1400000US06037183221,6037183221,2020,0
1400000US06037183222,6037183222,2020,0
1400000US06037183300,6037183300,2020,0
1400000US06037183401,6037183401,2020,0
1400000US06037183402,6037183402,2020,0
1400000US06037183510,6037183510,2020,0
1400000US06037183520,6037183520,2020,0
1400000US06037183610,6037183610,2020,0
1400000US06037183620,6037183620,2020,0
1400000US06037183701,6037183701,2020,0
1400000US06037183702,6037183702,2020,0
1400000US06037183810,6037183810,2020,0
1400000US06037183820,6037183820,2020,0
1400000US06037185101,6037185101,2020,0
1400000US06037185102,6037185102,2020,0
1400000US06037185202,6037185202,2020,0
1400000US06037185203,6037185203,2020,0
1400000US06037185204,6037185204,2020,0
1400000US06037185310,6037185310,2020,0
1400000US06037185320,6037185320,2020,0
1400000US06037186100,6037186100,2020,0
1400000US06037186201,6037186201,2020,0
1400000US06037186202,6037186202,2020,0
1400000US06037186203,6037186203,2020,0
1400000US06037186301,6037186301,2020,0
1400000US06037186302,6037186302,2020,0
1400000US06037186401,6037186401,2020,0
1400000US06037186403,6037186403,2020,0
1400000US06037186404,6037186404,2020,0
1400000US06037187101,6037187101,2020,0
1400000US06037187102,6037187102,2020,0
1400000US06037187200,6037187200,2020,0
1400000US06037187300,6037187300,2020,0
1400000US06037188100,6037188100,2020,0
1400000US06037188202,6037188202,2020,0
1400000US06037188300,6037188300,2020,0
1400000US06037189102,6037189102,2020,0
1400000US06037189201,6037189201,2020,0
1400000US06037189202,6037189202,2020,0
1400000US06037189300,6037189300,2020,0
1400000US06037189400,6037189400,2020,0
1400000US06037189501,6037189501,2020,0
1400000US06037189502,6037189502,2020,0
1400000US06037189600,6037189600,2020,0
1400000US06037189702,6037189702,2020,0
1400000US06037189703,6037189703,2020,0
1400000US06037189704,6037189704,2020,0
1400000US06037189801,6037189801,2020,0
1400000US06037189802,6037189802,2020,0
1400000US06037189903,6037189903,2020,0
1400000US06037189904,6037189904,2020,0
1400000US06037189905,6037189905,2020,0
1400000US06037189906,6037189906,2020,0
1400000US06037189907,6037189907,2020,0
1400000US06037190101,6037190101,2020,0
1400000US06037190102,6037190102,2020,0
1400000US06037190201,6037190201,2020,0
1400000US06037190202,6037190202,2020,0
1400000US06037190302,6037190302,2020,0
1400000US06037190303,6037190303,2020,0
1400000US06037190401,6037190401,2020,0
1400000US06037190402,6037190402,2020,0
1400000US06037190510,6037190510,2020,0
1400000US06037190520,6037190520,2020,0
1400000US06037190702,6037190702,2020,0
1400000US06037190801,6037190801,2020,0
1400000US06037190802,6037190802,2020,0
1400000US06037190901,6037190901,2020,0
1400000US06037190902,6037190902,2020,0
1400000US06037191000,6037191000,2020,0
1400000US06037191110,6037191110,2020,0
1400000US06037191120,6037191120,2020,0
1400000US06037191201,6037191201,2020,0
1400000US06037191203,6037191203,2020,0
1400000US06037191204,6037191204,2020,0
1400000US06037191301,6037191301,2020,0
1400000US06037191302,6037191302,2020,0
1400000US06037191410,6037191410,2020,0
1400000US06037191420,6037191420,2020,0
1400000US06037191500,6037191500,2020,0
1400000US06037191610,6037191610,2020,0
1400000US06037191620,6037191620,2020,0
1400000US06037191710,6037191710,2020,0
1400000US06037191720,6037191720,2020,0
1400000US06037191810,6037191810,2020,0
1400000US06037191820,6037191820,2020,0
1400000US06037191901,6037191901,2020,0
1400000US06037191902,6037191902,2020,0
1400000US06037192001,6037192001,2020,0
1400000US06037192002,6037192002,2020,0
1400000US06037192300,6037192300,2020,0
1400000US06037192410,6037192410,2020,0
1400000US06037192420,6037192420,2020,0
1400000US06037192510,6037192510,2020,0
1400000US06037192520,6037192520,2020,0
1400000US06037192610,6037192610,2020,0
1400000US06037192620,6037192620,2020,0
1400000US06037192700,6037192700,2020,0
1400000US06037194101,6037194101,2020,0
1400000US06037194102,6037194102,2020,0
1400000US06037194200,6037194200,2020,0
1400000US06037194300,6037194300,2020,0
1400000US06037194401,6037194401,2020,0
1400000US06037194402,6037194402,2020,0
1400000US06037194500,6037194500,2020,0
1400000US06037195100,6037195100,2020,0
1400000US06037195201,6037195201,2020,0
1400000US06037195202,6037195202,2020,0
1400000US06037195300,6037195300,2020,0
1400000US06037195400,6037195400,2020,0
1400000US06037195500,6037195500,2020,0
1400000US06037195600,6037195600,2020,0
1400000US06037195720,6037195720,2020,0
1400000US06037195802,6037195802,2020,0
1400000US06037195803,6037195803,2020,0
1400000US06037195804,6037195804,2020,0
1400000US06037195901,6037195901,2020,0
1400000US06037195902,6037195902,2020,0
1400000US06037195903,6037195903,2020,0
1400000US06037197200,6037197200,2020,0
1400000US06037197300,6037197300,2020,0
1400000US06037197410,6037197410,2020,0
1400000US06037197420,6037197420,2020,0
1400000US06037197600,6037197600,2020,0
1400000US06037197700,6037197700,2020,0
1400000US06037199001,6037199001,2020,0
1400000US06037199002,6037199002,2020,0
1400000US06037199110,6037199110,2020,0
1400000US06037199120,6037199120,2020,0
1400000US06037199202,6037199202,2020,0
1400000US06037199300,6037199300,2020,0
1400000US06037199400,6037199400,2020,0
1400000US06037199700,6037199700,2020,0
1400000US06037199801,6037199801,2020,0
1400000US06037199802,6037199802,2020,0
1400000US06037199900,6037199900,2020,0
1400000US06037201110,6037201110,2020,0
1400000US06037201120,6037201120,2020,0
1400000US06037201200,6037201200,2020,0
1400000US06037201301,6037201301,2020,0
1400000US06037201302,6037201302,2020,0
1400000US06037201401,6037201401,2020,0
1400000US06037201402,6037201402,2020,0
1400000US06037201501,6037201501,2020,0
1400000US06037201503,6037201503,2020,0
1400000US06037201504,6037201504,2020,0
1400000US06037201601,6037201601,2020,0
1400000US06037201602,6037201602,2020,0
1400000US06037201700,6037201700,2020,0
1400000US06037203100,6037203100,2020,0
1400000US06037203200,6037203200,2020,0
1400000US06037203300,6037203300,2020,0
1400000US06037203500,6037203500,2020,0
1400000US06037203601,6037203601,2020,0
1400000US06037203602,6037203602,2020,0
1400000US06037203710,6037203710,2020,0
1400000US06037203720,6037203720,2020,0
1400000US06037203800,6037203800,2020,0
1400000US06037203900,6037203900,2020,0
1400000US06037204110,6037204110,2020,0
1400000US06037204120,6037204120,2020,0
1400000US06037204200,6037204200,2020,0
1400000US06037204300,6037204300,2020,0
1400000US06037204410,6037204410,2020,0
1400000US06037204420,6037204420,2020,0
1400000US06037204600,6037204600,2020,0
1400000US06037204700,6037204700,2020,0
1400000US06037204810,6037204810,2020,0
1400000US06037204820,6037204820,2020,0
1400000US06037204910,6037204910,2020,0
1400000US06037204920,6037204920,2020,0
1400000US06037205110,6037205110,2020,0
1400000US06037205120,6037205120,2020,0
1400000US06037206010,6037206010,2020,0
1400000US06037206020,6037206020,2020,0
1400000US06037206051,6037206051,2020,0
1400000US06037206052,6037206052,2020,0
1400000US06037206053,6037206053,2020,0
1400000US06037206054,6037206054,2020,0
1400000US06037206201,6037206201,2020,0
1400000US06037206202,6037206202,2020,0
1400000US06037206301,6037206301,2020,0
1400000US06037206302,6037206302,2020,0
1400000US06037206303,6037206303,2020,0
1400000US06037207101,6037207101,2020,0
1400000US06037207103,6037207103,2020,0
1400000US06037207303,6037207303,2020,0
1400000US06037207304,6037207304,2020,0
1400000US06037207305,6037207305,2020,0
1400000US06037207306,6037207306,2020,0
1400000US06037207307,6037207307,2020,0
1400000US06037207308,6037207308,2020,0
1400000US06037207400,6037207400,2020,0
1400000US06037207501,6037207501,2020,0
1400000US06037207502,6037207502,2020,0
1400000US06037207712,6037207712,2020,0
1400000US06037207901,6037207901,2020,0
1400000US06037207902,6037207902,2020,0
1400000US06037208001,6037208001,2020,0
1400000US06037208002,6037208002,2020,0
1400000US06037208301,6037208301,2020,0
1400000US06037208302,6037208302,2020,0
1400000US06037208401,6037208401,2020,0
1400000US06037208402,6037208402,2020,0
1400000US06037208501,6037208501,2020,0
1400000US06037208502,6037208502,2020,0
1400000US06037208610,6037208610,2020,0
1400000US06037208620,6037208620,2020,0
1400000US06037208710,6037208710,2020,0
1400000US06037208720,6037208720,2020,0
1400000US06037208801,6037208801,2020,0
1400000US06037208802,6037208802,2020,0
1400000US06037208902,6037208902,2020,0
1400000US06037208903,6037208903,2020,0
1400000US06037208904,6037208904,2020,0
1400000US06037209103,6037209103,2020,0
1400000US06037209104,6037209104,2020,0
1400000US06037209105,6037209105,2020,0
1400000US06037209106,6037209106,2020,0
1400000US06037209201,6037209201,2020,0
1400000US06037209202,6037209202,2020,0
1400000US06037209300,6037209300,2020,0
1400000US06037209401,6037209401,2020,0
1400000US06037209402,6037209402,2020,0
1400000US06037209403,6037209403,2020,0
1400000US06037209510,6037209510,2020,0
1400000US06037209520,6037209520,2020,0
1400000US06037209810,6037209810,2020,0
1400000US06037209820,6037209820,2020,0
1400000US06037210010,6037210010,2020,0
1400000US06037211000,6037211000,2020,0
1400000US06037211121,6037211121,2020,0
1400000US06037211123,6037211123,2020,0
1400000US06037211201,6037211201,2020,0
1400000US06037211202,6037211202,2020,0
1400000US06037211310,6037211310,2020,0
1400000US06037211320,6037211320,2020,0
1400000US06037211410,6037211410,2020,0
1400000US06037211420,6037211420,2020,0
1400000US06037211500,6037211500,2020,0
1400000US06037211701,6037211701,2020,0
1400000US06037211703,6037211703,2020,0
1400000US06037211803,6037211803,2020,0
1400000US06037211910,6037211910,2020,0
1400000US06037211921,6037211921,2020,0
1400000US06037211922,6037211922,2020,0
1400000US06037212101,6037212101,2020,0
1400000US06037212102,6037212102,2020,0
1400000US06037212203,6037212203,2020,0
1400000US06037212304,6037212304,2020,0
1400000US06037212305,6037212305,2020,0
1400000US06037212306,6037212306,2020,0
1400000US06037212410,6037212410,2020,0
1400000US06037212420,6037212420,2020,0
1400000US06037212501,6037212501,2020,0
1400000US06037212502,6037212502,2020,0
1400000US06037212610,6037212610,2020,0
1400000US06037212620,6037212620,2020,0
1400000US06037212701,6037212701,2020,0
1400000US06037212702,6037212702,2020,0
1400000US06037212800,6037212800,2020,0
1400000US06037212900,6037212900,2020,0
1400000US06037213100,6037213100,2020,0
1400000US06037213201,6037213201,2020,0
1400000US06037213202,6037213202,2020,0
1400000US06037213320,6037213320,2020,0
1400000US06037213401,6037213401,2020,0
1400000US06037213402,6037213402,2020,0
1400000US06037214000,6037214000,2020,0
1400000US06037214100,6037214100,2020,0
1400000US06037214400,6037214400,2020,0
1400000US06037214501,6037214501,2020,0
1400000US06037214503,6037214503,2020,0
1400000US06037214504,6037214504,2020,0
1400000US06037214505,6037214505,2020,0
1400000US06037214600,6037214600,2020,0
1400000US06037214700,6037214700,2020,0
1400000US06037214800,6037214800,2020,0
1400000US06037214902,6037214902,2020,0
1400000US06037214903,6037214903,2020,0
1400000US06037214904,6037214904,2020,0
1400000US06037215101,6037215101,2020,0
1400000US06037215102,6037215102,2020,0
1400000US06037216100,6037216100,2020,0
1400000US06037216201,6037216201,2020,0
1400000US06037216202,6037216202,2020,0
1400000US06037216301,6037216301,2020,0
1400000US06037216302,6037216302,2020,0
1400000US06037216401,6037216401,2020,0
1400000US06037216402,6037216402,2020,0
1400000US06037216700,6037216700,2020,0
1400000US06037216800,6037216800,2020,0
1400000US06037216901,6037216901,2020,0
1400000US06037216902,6037216902,2020,0
1400000US06037217002,6037217002,2020,0
1400000US06037217101,6037217101,2020,0
1400000US06037217102,6037217102,2020,0
1400000US06037217200,6037217200,2020,0
1400000US06037218110,6037218110,2020,0
1400000US06037218210,6037218210,2020,0
1400000US06037218220,6037218220,2020,0
1400000US06037218400,6037218400,2020,0
1400000US06037218500,6037218500,2020,0
1400000US06037218600,6037218600,2020,0
1400000US06037218701,6037218701,2020,0
1400000US06037218702,6037218702,2020,0
1400000US06037218800,6037218800,2020,0
1400000US06037218900,6037218900,2020,0
1400000US06037219010,6037219010,2020,0
1400000US06037219020,6037219020,2020,0
1400000US06037219300,6037219300,2020,0
1400000US06037219500,6037219500,2020,0
1400000US06037219700,6037219700,2020,0
1400000US06037219800,6037219800,2020,0
1400000US06037219901,6037219901,2020,0
1400000US06037219902,6037219902,2020,0
1400000US06037220100,6037220100,2020,0
1400000US06037221110,6037221110,2020,0
1400000US06037221120,6037221120,2020,0
1400000US06037221210,6037221210,2020,0
1400000US06037221220,6037221220,2020,0
1400000US06037221302,6037221302,2020,0
1400000US06037221303,6037221303,2020,0
1400000US06037221304,6037221304,2020,0
1400000US06037221401,6037221401,2020,0
1400000US06037221500,6037221500,2020,0
1400000US06037221601,6037221601,2020,0
1400000US06037221602,6037221602,2020,0
1400000US06037221710,6037221710,2020,0
1400000US06037221810,6037221810,2020,0
1400000US06037221820,6037221820,2020,0
1400000US06037221900,6037221900,2020,0
1400000US06037222001,6037222001,2020,0
1400000US06037222100,6037222100,2020,0
1400000US06037222200,6037222200,2020,0
1400000US06037222500,6037222500,2020,0
1400000US06037222600,6037222600,2020,0
1400000US06037222700,6037222700,2020,0
1400000US06037224010,6037224010,2020,0
1400000US06037224200,6037224200,2020,0
1400000US06037224310,6037224310,2020,0
1400000US06037224410,6037224410,2020,0
1400000US06037224420,6037224420,2020,0
1400000US06037224600,6037224600,2020,0
1400000US06037224701,6037224701,2020,0
1400000US06037226002,6037226002,2020,0
1400000US06037226410,6037226410,2020,0
1400000US06037226420,6037226420,2020,0
1400000US06037226701,6037226701,2020,0
1400000US06037227010,6037227010,2020,0
1400000US06037227020,6037227020,2020,0
1400000US06037228210,6037228210,2020,0
1400000US06037228220,6037228220,2020,0
1400000US06037228310,6037228310,2020,0
1400000US06037228320,6037228320,2020,0
1400000US06037228410,6037228410,2020,0
1400000US06037228420,6037228420,2020,0
1400000US06037228500,6037228500,2020,0
1400000US06037228600,6037228600,2020,0
1400000US06037228710,6037228710,2020,0
1400000US06037228720,6037228720,2020,0
1400000US06037228800,6037228800,2020,0
1400000US06037228900,6037228900,2020,0
1400000US06037229100,6037229100,2020,0
1400000US06037229200,6037229200,2020,0
1400000US06037229300,6037229300,2020,0
1400000US06037229410,6037229410,2020,0
1400000US06037229420,6037229420,2020,0
1400000US06037231100,6037231100,2020,0
1400000US06037231210,6037231210,2020,0
1400000US06037231220,6037231220,2020,0
1400000US06037231301,6037231301,2020,0
1400000US06037231302,6037231302,2020,0
1400000US06037231400,6037231400,2020,0
1400000US06037231500,6037231500,2020,0
1400000US06037231601,6037231601,2020,0
1400000US06037231602,6037231602,2020,0
1400000US06037231603,6037231603,2020,0
1400000US06037231710,6037231710,2020,0
1400000US06037231720,6037231720,2020,0
1400000US06037231800,6037231800,2020,0
1400000US06037231901,6037231901,2020,0
1400000US06037231902,6037231902,2020,0
1400000US06037232110,6037232110,2020,0
1400000US06037232120,6037232120,2020,0
1400000US06037232200,6037232200,2020,0
1400000US06037232401,6037232401,2020,0
1400000US06037232402,6037232402,2020,0
1400000US06037232500,6037232500,2020,0
1400000US06037232601,6037232601,2020,0
1400000US06037232602,6037232602,2020,0
1400000US06037232701,6037232701,2020,0
1400000US06037232702,6037232702,2020,0
1400000US06037232800,6037232800,2020,0
1400000US06037234001,6037234001,2020,0
1400000US06037234002,6037234002,2020,0
1400000US06037234200,6037234200,2020,0
1400000US06037234301,6037234301,2020,0
1400000US06037234302,6037234302,2020,0
1400000US06037234501,6037234501,2020,0
1400000US06037234502,6037234502,2020,0
1400000US06037234600,6037234600,2020,0
1400000US06037234800,6037234800,2020,0
1400000US06037234901,6037234901,2020,0
1400000US06037234902,6037234902,2020,0
1400000US06037235100,6037235100,2020,0
1400000US06037235201,6037235201,2020,0
1400000US06037235202,6037235202,2020,0
1400000US06037236001,6037236001,2020,0
1400000US06037236101,6037236101,2020,0
1400000US06037236102,6037236102,2020,0
1400000US06037236203,6037236203,2020,0
1400000US06037236204,6037236204,2020,0
1400000US06037236205,6037236205,2020,0
1400000US06037236206,6037236206,2020,0
1400000US06037236400,6037236400,2020,0
1400000US06037237101,6037237101,2020,0
1400000US06037237102,6037237102,2020,0
1400000US06037237201,6037237201,2020,0
1400000US06037237202,6037237202,2020,0
1400000US06037237300,6037237300,2020,0
1400000US06037237401,6037237401,2020,0
1400000US06037237402,6037237402,2020,0
1400000US06037237500,6037237500,2020,0
1400000US06037237600,6037237600,2020,0
1400000US06037237710,6037237710,2020,0
1400000US06037237720,6037237720,2020,0
1400000US06037237800,6037237800,2020,0
1400000US06037237900,6037237900,2020,0
1400000US06037238000,6037238000,2020,0
1400000US06037238200,6037238200,2020,0
1400000US06037238310,6037238310,2020,0
1400000US06037238320,6037238320,2020,0
1400000US06037238400,6037238400,2020,0
1400000US06037239201,6037239201,2020,0
1400000US06037239202,6037239202,2020,0
1400000US06037239310,6037239310,2020,0
1400000US06037239320,6037239320,2020,0
1400000US06037239330,6037239330,2020,0
1400000US06037239501,6037239501,2020,0
1400000US06037239601,6037239601,2020,0
1400000US06037239602,6037239602,2020,0
1400000US06037239701,6037239701,2020,0
1400000US06037239702,6037239702,2020,0
1400000US06037239801,6037239801,2020,0
1400000US06037239802,6037239802,2020,0
1400000US06037240010,6037240010,2020,0
1400000US06037240020,6037240020,2020,0
1400000US06037240301,6037240301,2020,0
1400000US06037240302,6037240302,2020,0
1400000US06037240401,6037240401,2020,0
1400000US06037240402,6037240402,2020,0
1400000US06037240500,6037240500,2020,0
1400000US06037240600,6037240600,2020,0
1400000US06037240700,6037240700,2020,0
1400000US06037240800,6037240800,2020,0
1400000US06037240901,6037240901,2020,0
1400000US06037240902,6037240902,2020,0
1400000US06037241001,6037241001,2020,0
1400000US06037241002,6037241002,2020,0
1400000US06037241110,6037241110,2020,0
1400000US06037241120,6037241120,2020,0
1400000US06037241201,6037241201,2020,0
1400000US06037241202,6037241202,2020,0
1400000US06037241300,6037241300,2020,0
1400000US06037241400,6037241400,2020,0
1400000US06037242000,6037242000,2020,0
1400000US06037242100,6037242100,2020,0
1400000US06037242201,6037242201,2020,0
1400000US06037242202,6037242202,2020,0
1400000US06037242600,6037242600,2020,0
1400000US06037242700,6037242700,2020,0
1400000US06037243001,6037243001,2020,0
1400000US06037243002,6037243002,2020,0
1400000US06037243100,6037243100,2020,0
1400000US06037261102,6037261102,2020,0
1400000US06037261103,6037261103,2020,0
1400000US06037261104,6037261104,2020,0
1400000US06037261200,6037261200,2020,0
1400000US06037262100,6037262100,2020,0
1400000US06037262200,6037262200,2020,0
1400000US06037262301,6037262301,2020,0
1400000US06037262302,6037262302,2020,0
1400000US06037262303,6037262303,2020,0
1400000US06037262400,6037262400,2020,0
1400000US06037262501,6037262501,2020,0
1400000US06037262601,6037262601,2020,0
1400000US06037262604,6037262604,2020,0
1400000US06037262704,6037262704,2020,0
1400000US06037262706,6037262706,2020,0
1400000US06037262802,6037262802,2020,0
1400000US06037264000,6037264000,2020,0
1400000US06037264102,6037264102,2020,0
1400000US06037264103,6037264103,2020,0
1400000US06037264303,6037264303,2020,0
1400000US06037264304,6037264304,2020,0
1400000US06037264305,6037264305,2020,0
1400000US06037264306,6037264306,2020,0
1400000US06037265100,6037265100,2020,0
1400000US06037265201,6037265201,2020,0
1400000US06037265203,6037265203,2020,0
1400000US06037265204,6037265204,2020,0
1400000US06037265301,6037265301,2020,0
1400000US06037265303,6037265303,2020,0
1400000US06037265304,6037265304,2020,0
1400000US06037265306,6037265306,2020,0
1400000US06037265307,6037265307,2020,0
1400000US06037265410,6037265410,2020,0
1400000US06037265420,6037265420,2020,0
1400000US06037265521,6037265521,2020,0
1400000US06037265522,6037265522,2020,0
1400000US06037265523,6037265523,2020,0
1400000US06037265524,6037265524,2020,0
1400000US06037265601,6037265601,2020,0
1400000US06037265602,6037265602,2020,0
1400000US06037265701,6037265701,2020,0
1400000US06037265702,6037265702,2020,0
1400000US06037267101,6037267101,2020,0
1400000US06037267102,6037267102,2020,0
1400000US06037267201,6037267201,2020,0
1400000US06037267202,6037267202,2020,0
1400000US06037267300,6037267300,2020,0
1400000US06037267403,6037267403,2020,0
1400000US06037267404,6037267404,2020,0
1400000US06037267405,6037267405,2020,0
1400000US06037267406,6037267406,2020,0
1400000US06037267502,6037267502,2020,0
1400000US06037267503,6037267503,2020,0
1400000US06037267504,6037267504,2020,0
1400000US06037267600,6037267600,2020,0
1400000US06037267700,6037267700,2020,0
1400000US06037267800,6037267800,2020,0
1400000US06037267901,6037267901,2020,0
1400000US06037267902,6037267902,2020,0
1400000US06037269000,6037269000,2020,0
1400000US06037269100,6037269100,2020,0
1400000US06037269300,6037269300,2020,0
1400000US06037269500,6037269500,2020,0
1400000US06037269601,6037269601,2020,0
1400000US06037269602,6037269602,2020,0
1400000US06037269700,6037269700,2020,0
1400000US06037269800,6037269800,2020,0
1400000US06037269903,6037269903,2020,0
1400000US06037269905,6037269905,2020,0
1400000US06037269906,6037269906,2020,0
1400000US06037269907,6037269907,2020,0
1400000US06037269908,6037269908,2020,0
1400000US06037269909,6037269909,2020,0
1400000US06037270101,6037270101,2020,0
1400000US06037270102,6037270102,2020,0
1400000US06037270200,6037270200,2020,0
1400000US06037270300,6037270300,2020,0
1400000US06037271100,6037271100,2020,0
1400000US06037271200,6037271200,2020,0
1400000US06037271300,6037271300,2020,0
1400000US06037271400,6037271400,2020,0
1400000US06037271500,6037271500,2020,0
1400000US06037271600,6037271600,2020,0
1400000US06037271702,6037271702,2020,0
1400000US06037271703,6037271703,2020,0
1400000US06037271704,6037271704,2020,0
1400000US06037271801,6037271801,2020,0
1400000US06037271803,6037271803,2020,0
1400000US06037271804,6037271804,2020,0
1400000US06037271901,6037271901,2020,0
1400000US06037271902,6037271902,2020,0
1400000US06037272100,6037272100,2020,0
1400000US06037272201,6037272201,2020,0
1400000US06037272202,6037272202,2020,0
1400000US06037272301,6037272301,2020,0
1400000US06037272302,6037272302,2020,0
1400000US06037273100,6037273100,2020,0
1400000US06037273200,6037273200,2020,0
1400000US06037273403,6037273403,2020,0
1400000US06037273404,6037273404,2020,0
1400000US06037273502,6037273502,2020,0
1400000US06037273600,6037273600,2020,0
1400000US06037273700,6037273700,2020,0
1400000US06037273800,6037273800,2020,0
1400000US06037273902,6037273902,2020,0
1400000US06037274100,6037274100,2020,0
1400000US06037274202,6037274202,2020,0
1400000US06037275101,6037275101,2020,0
1400000US06037275102,6037275102,2020,0
1400000US06037275311,6037275311,2020,0
1400000US06037275312,6037275312,2020,0
1400000US06037275313,6037275313,2020,0
1400000US06037275400,6037275400,2020,0
1400000US06037275500,6037275500,2020,0
1400000US06037275603,6037275603,2020,0
1400000US06037275604,6037275604,2020,0
1400000US06037275605,6037275605,2020,0
1400000US06037276000,6037276000,2020,0
1400000US06037276101,6037276101,2020,0
1400000US06037276102,6037276102,2020,0
1400000US06037276400,6037276400,2020,0
1400000US06037276500,6037276500,2020,0
1400000US06037276601,6037276601,2020,0
1400000US06037276605,6037276605,2020,0
1400000US06037276606,6037276606,2020,0
1400000US06037276607,6037276607,2020,0
1400000US06037276608,6037276608,2020,0
1400000US06037277000,6037277000,2020,0
1400000US06037277100,6037277100,2020,0
1400000US06037277200,6037277200,2020,0
1400000US06037277400,6037277400,2020,0
1400000US06037278001,6037278001,2020,0
1400000US06037278102,6037278102,2020,0
1400000US06037291110,6037291110,2020,0
1400000US06037291120,6037291120,2020,0
1400000US06037291130,6037291130,2020,0
1400000US06037291210,6037291210,2020,0
1400000US06037291220,6037291220,2020,0
1400000US06037291300,6037291300,2020,0
1400000US06037292001,6037292001,2020,0
1400000US06037292002,6037292002,2020,0
1400000US06037293203,6037293203,2020,0
1400000US06037293204,6037293204,2020,0
1400000US06037293205,6037293205,2020,0
1400000US06037293206,6037293206,2020,0
1400000US06037293301,6037293301,2020,0
1400000US06037293302,6037293302,2020,0
1400000US06037293304,6037293304,2020,0
1400000US06037293306,6037293306,2020,0
1400000US06037293307,6037293307,2020,0
1400000US06037294110,6037294110,2020,0
1400000US06037294120,6037294120,2020,0
1400000US06037294200,6037294200,2020,0
1400000US06037294301,6037294301,2020,0
1400000US06037294302,6037294302,2020,0
1400000US06037294410,6037294410,2020,0
1400000US06037294421,6037294421,2020,0
1400000US06037294510,6037294510,2020,0
1400000US06037294520,6037294520,2020,0
1400000US06037294610,6037294610,2020,0
1400000US06037294620,6037294620,2020,0
1400000US06037294701,6037294701,2020,0
1400000US06037294810,6037294810,2020,0
1400000US06037294820,6037294820,2020,0
1400000US06037294830,6037294830,2020,0
1400000US06037294900,6037294900,2020,0
1400000US06037295103,6037295103,2020,0
1400000US06037296210,6037296210,2020,0
1400000US06037296220,6037296220,2020,0
1400000US06037296300,6037296300,2020,0
1400000US06037296401,6037296401,2020,0
1400000US06037296402,6037296402,2020,0
1400000US06037296500,6037296500,2020,0
1400000US06037296901,6037296901,2020,0
1400000US06037296902,6037296902,2020,0
1400000US06037297001,6037297001,2020,0
1400000US06037297002,6037297002,2020,0
1400000US06037297110,6037297110,2020,0
1400000US06037297120,6037297120,2020,0
1400000US06037297201,6037297201,2020,0
1400000US06037297202,6037297202,2020,0
1400000US06037297300,6037297300,2020,0
1400000US06037297400,6037297400,2020,0
1400000US06037297501,6037297501,2020,0
1400000US06037297502,6037297502,2020,0
1400000US06037297601,6037297601,2020,0
1400000US06037297602,6037297602,2020,0
1400000US06037300100,6037300100,2020,0
1400000US06037300200,6037300200,2020,0
1400000US06037300301,6037300301,2020,0
1400000US06037300400,6037300400,2020,0
1400000US06037300501,6037300501,2020,0
1400000US06037300503,6037300503,2020,0
1400000US06037300601,6037300601,2020,0
1400000US06037300602,6037300602,2020,0
1400000US06037300701,6037300701,2020,0
1400000US06037300702,6037300702,2020,0
1400000US06037300800,6037300800,2020,0
1400000US06037300901,6037300901,2020,0
1400000US06037300902,6037300902,2020,0
1400000US06037301000,6037301000,2020,0
1400000US06037301100,6037301100,2020,0
1400000US06037301203,6037301203,2020,0
1400000US06037301204,6037301204,2020,0
1400000US06037301205,6037301205,2020,0
1400000US06037301206,6037301206,2020,0
1400000US06037301300,6037301300,2020,0
1400000US06037301400,6037301400,2020,0
1400000US06037301501,6037301501,2020,0
1400000US06037301502,6037301502,2020,0
1400000US06037301601,6037301601,2020,0
1400000US06037301602,6037301602,2020,0
1400000US06037301701,6037301701,2020,0
1400000US06037301702,6037301702,2020,0
1400000US06037301801,6037301801,2020,0
1400000US06037301802,6037301802,2020,0
1400000US06037301901,6037301901,2020,0
1400000US06037301902,6037301902,2020,0
1400000US06037302002,6037302002,2020,0
1400000US06037302003,6037302003,2020,0
1400000US06037302004,6037302004,2020,0
1400000US06037302102,6037302102,2020,0
1400000US06037302103,6037302103,2020,0
1400000US06037302104,6037302104,2020,0
1400000US06037302201,6037302201,2020,0
1400000US06037302202,6037302202,2020,0
1400000US06037302301,6037302301,2020,0
1400000US06037302302,6037302302,2020,0
1400000US06037302503,6037302503,2020,0
1400000US06037302504,6037302504,2020,0
1400000US06037302505,6037302505,2020,0
1400000US06037302506,6037302506,2020,0
1400000US06037310100,6037310100,2020,0
1400000US06037310201,6037310201,2020,0
1400000US06037310202,6037310202,2020,0
1400000US06037310300,6037310300,2020,0
1400000US06037310400,6037310400,2020,0
1400000US06037310501,6037310501,2020,0
1400000US06037310601,6037310601,2020,0
1400000US06037310602,6037310602,2020,0
1400000US06037310701,6037310701,2020,0
1400000US06037310703,6037310703,2020,0
1400000US06037310704,6037310704,2020,0
1400000US06037310705,6037310705,2020,0
1400000US06037310800,6037310800,2020,0
1400000US06037310900,6037310900,2020,0
1400000US06037311000,6037311000,2020,0
1400000US06037311100,6037311100,2020,0
1400000US06037311200,6037311200,2020,0
1400000US06037311300,6037311300,2020,0
1400000US06037311400,6037311400,2020,0
1400000US06037311500,6037311500,2020,0
1400000US06037311601,6037311601,2020,0
1400000US06037311602,6037311602,2020,0
1400000US06037311700,6037311700,2020,0
1400000US06037311801,6037311801,2020,0
1400000US06037311802,6037311802,2020,0
1400000US06037320101,6037320101,2020,0
1400000US06037320102,6037320102,2020,0
1400000US06037320201,6037320201,2020,0
1400000US06037320202,6037320202,2020,0
1400000US06037400205,6037400205,2020,0
1400000US06037400206,6037400206,2020,0
1400000US06037400207,6037400207,2020,0
1400000US06037400208,6037400208,2020,0
1400000US06037400209,6037400209,2020,0
1400000US06037400304,6037400304,2020,0
1400000US06037400402,6037400402,2020,0
1400000US06037400403,6037400403,2020,0
1400000US06037400404,6037400404,2020,0
1400000US06037400501,6037400501,2020,0
1400000US06037400602,6037400602,2020,0
1400000US06037400603,6037400603,2020,0
1400000US06037400801,6037400801,2020,0
1400000US06037401001,6037401001,2020,0
1400000US06037401002,6037401002,2020,0
1400000US06037401101,6037401101,2020,0
1400000US06037401102,6037401102,2020,0
1400000US06037401201,6037401201,2020,0
1400000US06037401202,6037401202,2020,0
1400000US06037401303,6037401303,2020,0
1400000US06037401304,6037401304,2020,0
1400000US06037401311,6037401311,2020,0
1400000US06037401312,6037401312,2020,0
1400000US06037401601,6037401601,2020,0
1400000US06037401602,6037401602,2020,0
1400000US06037401705,6037401705,2020,0
1400000US06037401706,6037401706,2020,0
1400000US06037401707,6037401707,2020,0
1400000US06037401801,6037401801,2020,0
1400000US06037401802,6037401802,2020,0
1400000US06037401901,6037401901,2020,0
1400000US06037401902,6037401902,2020,0
1400000US06037402001,6037402001,2020,0
1400000US06037402002,6037402002,2020,0
1400000US06037402101,6037402101,2020,0
1400000US06037402301,6037402301,2020,0
1400000US06037402303,6037402303,2020,0
1400000US06037402304,6037402304,2020,0
1400000US06037402403,6037402403,2020,0
1400000US06037402404,6037402404,2020,0
1400000US06037402405,6037402405,2020,0
1400000US06037402406,6037402406,2020,0
1400000US06037402501,6037402501,2020,0
1400000US06037402503,6037402503,2020,0
1400000US06037402504,6037402504,2020,0
1400000US06037402601,6037402601,2020,0
1400000US06037402602,6037402602,2020,0
1400000US06037402703,6037402703,2020,0
1400000US06037402705,6037402705,2020,0
1400000US06037402706,6037402706,2020,0
1400000US06037402801,6037402801,2020,0
1400000US06037402803,6037402803,2020,0
1400000US06037402804,6037402804,2020,0
1400000US06037402902,6037402902,2020,0
1400000US06037402903,6037402903,2020,0
1400000US06037402904,6037402904,2020,0
1400000US06037403000,6037403000,2020,0
1400000US06037403305,6037403305,2020,0
1400000US06037403316,6037403316,2020,0
1400000US06037403317,6037403317,2020,0
1400000US06037403318,6037403318,2020,0
1400000US06037403319,6037403319,2020,0
1400000US06037403320,6037403320,2020,0
1400000US06037403321,6037403321,2020,0
1400000US06037403323,6037403323,2020,0
1400000US06037403324,6037403324,2020,0
1400000US06037403325,6037403325,2020,0
1400000US06037403326,6037403326,2020,0
1400000US06037403327,6037403327,2020,0
1400000US06037403328,6037403328,2020,0
1400000US06037403401,6037403401,2020,0
1400000US06037403402,6037403402,2020,0
1400000US06037403403,6037403403,2020,0
1400000US06037403404,6037403404,2020,0
1400000US06037403407,6037403407,2020,0
1400000US06037403408,6037403408,2020,0
1400000US06037403409,6037403409,2020,0
1400000US06037403500,6037403500,2020,0
1400000US06037403601,6037403601,2020,0
1400000US06037403702,6037403702,2020,0
1400000US06037403703,6037403703,2020,0
1400000US06037403721,6037403721,2020,0
1400000US06037403722,6037403722,2020,0
1400000US06037403801,6037403801,2020,0
1400000US06037403802,6037403802,2020,0
1400000US06037403901,6037403901,2020,0
1400000US06037403902,6037403902,2020,0
1400000US06037404000,6037404000,2020,0
1400000US06037404100,6037404100,2020,0
1400000US06037404201,6037404201,2020,0
1400000US06037404203,6037404203,2020,0
1400000US06037404301,6037404301,2020,0
1400000US06037404302,6037404302,2020,0
1400000US06037404401,6037404401,2020,0
1400000US06037404402,6037404402,2020,0
1400000US06037404501,6037404501,2020,0
1400000US06037404503,6037404503,2020,0
1400000US06037404504,6037404504,2020,0
1400000US06037404702,6037404702,2020,0
1400000US06037404703,6037404703,2020,0
1400000US06037404805,6037404805,2020,0
1400000US06037404806,6037404806,2020,0
1400000US06037404901,6037404901,2020,0
1400000US06037404902,6037404902,2020,0
1400000US06037404903,6037404903,2020,0
1400000US06037405001,6037405001,2020,0
1400000US06037405002,6037405002,2020,0
1400000US06037405101,6037405101,2020,0
1400000US06037405201,6037405201,2020,0
1400000US06037405202,6037405202,2020,0
1400000US06037405203,6037405203,2020,0
1400000US06037405301,6037405301,2020,0
1400000US06037405302,6037405302,2020,0
1400000US06037405400,6037405400,2020,0
1400000US06037405500,6037405500,2020,0
1400000US06037405600,6037405600,2020,0
1400000US06037405701,6037405701,2020,0
1400000US06037405702,6037405702,2020,0
1400000US06037405800,6037405800,2020,0
1400000US06037405900,6037405900,2020,0
1400000US06037406101,6037406101,2020,0
1400000US06037406103,6037406103,2020,0
1400000US06037406201,6037406201,2020,0
1400000US06037406300,6037406300,2020,0
1400000US06037406413,6037406413,2020,0
1400000US06037406500,6037406500,2020,0
1400000US06037406601,6037406601,2020,0
1400000US06037406602,6037406602,2020,0
1400000US06037406701,6037406701,2020,0
1400000US06037406702,6037406702,2020,0
1400000US06037406801,6037406801,2020,0
1400000US06037406903,6037406903,2020,0
1400000US06037407001,6037407001,2020,0
1400000US06037407002,6037407002,2020,0
1400000US06037407101,6037407101,2020,0
1400000US06037407102,6037407102,2020,0
1400000US06037407201,6037407201,2020,0
1400000US06037407202,6037407202,2020,0
1400000US06037407301,6037407301,2020,0
1400000US06037407302,6037407302,2020,0
1400000US06037407400,6037407400,2020,0
1400000US06037407501,6037407501,2020,0
1400000US06037407502,6037407502,2020,0
1400000US06037407601,6037407601,2020,0
1400000US06037407602,6037407602,2020,0
1400000US06037407701,6037407701,2020,0
1400000US06037407702,6037407702,2020,0
1400000US06037407801,6037407801,2020,0
1400000US06037407802,6037407802,2020,0
1400000US06037407901,6037407901,2020,0
1400000US06037407902,6037407902,2020,0
1400000US06037408003,6037408003,2020,0
1400000US06037408004,6037408004,2020,0
1400000US06037408005,6037408005,2020,0
1400000US06037408006,6037408006,2020,0
1400000US06037408133,6037408133,2020,0
1400000US06037408134,6037408134,2020,0
1400000US06037408135,6037408135,2020,0
1400000US06037408136,6037408136,2020,0
1400000US06037408137,6037408137,2020,0
1400000US06037408138,6037408138,2020,0
1400000US06037408139,6037408139,2020,0
1400000US06037408140,6037408140,2020,0
1400000US06037408141,6037408141,2020,0
1400000US06037408212,6037408212,2020,0
1400000US06037408213,6037408213,2020,0
1400000US06037408301,6037408301,2020,0
1400000US06037408302,6037408302,2020,0
1400000US06037408303,6037408303,2020,0
1400000US06037408401,6037408401,2020,0
1400000US06037408503,6037408503,2020,0
1400000US06037408504,6037408504,2020,0
1400000US06037408505,6037408505,2020,0
1400000US06037408623,6037408623,2020,0
1400000US06037408624,6037408624,2020,0
1400000US06037408625,6037408625,2020,0
1400000US06037408626,6037408626,2020,0
1400000US06037408627,6037408627,2020,0
1400000US06037408628,6037408628,2020,0
1400000US06037408629,6037408629,2020,0
1400000US06037408631,6037408631,2020,0
1400000US06037408703,6037408703,2020,0
1400000US06037408705,6037408705,2020,0
1400000US06037408707,6037408707,2020,0
1400000US06037408722,6037408722,2020,0
1400000US06037408724,6037408724,2020,0
1400000US06037408725,6037408725,2020,0
1400000US06037408800,6037408800,2020,0
1400000US06037408900,6037408900,2020,0
1400000US06037409000,6037409000,2020,0
1400000US06037409100,6037409100,2020,0
1400000US06037430003,6037430003,2020,0
1400000US06037430004,6037430004,2020,0
1400000US06037430005,6037430005,2020,0
1400000US06037430101,6037430101,2020,0
1400000US06037430102,6037430102,2020,0
1400000US06037430200,6037430200,2020,0
1400000US06037430301,6037430301,2020,0
1400000US06037430302,6037430302,2020,0
1400000US06037430400,6037430400,2020,0
1400000US06037430501,6037430501,2020,0
1400000US06037430502,6037430502,2020,0
1400000US06037430600,6037430600,2020,0
1400000US06037430701,6037430701,2020,0
1400000US06037430721,6037430721,2020,0
1400000US06037430723,6037430723,2020,0
1400000US06037430724,6037430724,2020,0
1400000US06037430801,6037430801,2020,0
1400000US06037430802,6037430802,2020,0
1400000US06037430803,6037430803,2020,0
1400000US06037430902,6037430902,2020,0
1400000US06037431002,6037431002,2020,0
1400000US06037431003,6037431003,2020,0
1400000US06037431004,6037431004,2020,0
1400000US06037431100,6037431100,2020,0
1400000US06037431200,6037431200,2020,0
1400000US06037431300,6037431300,2020,0
1400000US06037431400,6037431400,2020,0
1400000US06037431501,6037431501,2020,0
1400000US06037431502,6037431502,2020,0
1400000US06037431600,6037431600,2020,0
1400000US06037431701,6037431701,2020,0
1400000US06037431800,6037431800,2020,0
1400000US06037431900,6037431900,2020,0
1400000US06037432001,6037432001,2020,0
1400000US06037432002,6037432002,2020,0
1400000US06037432101,6037432101,2020,0
1400000US06037432102,6037432102,2020,0
1400000US06037432201,6037432201,2020,0
1400000US06037432202,6037432202,2020,0
1400000US06037432300,6037432300,2020,0
1400000US06037432401,6037432401,2020,0
1400000US06037432501,6037432501,2020,0
1400000US06037432502,6037432502,2020,0
1400000US06037432601,6037432601,2020,0
1400000US06037432602,6037432602,2020,0
1400000US06037432700,6037432700,2020,0
1400000US06037432801,6037432801,2020,0
1400000US06037432802,6037432802,2020,0
1400000US06037432901,6037432901,2020,0
1400000US06037432902,6037432902,2020,0
1400000US06037433103,6037433103,2020,0
1400000US06037433200,6037433200,2020,0
1400000US06037433302,6037433302,2020,0
1400000US06037433304,6037433304,2020,0
1400000US06037433305,6037433305,2020,0
1400000US06037433306,6037433306,2020,0
1400000US06037433307,6037433307,2020,0
1400000US06037433402,6037433402,2020,0
1400000US06037433403,6037433403,2020,0
1400000US06037433505,6037433505,2020,0
1400000US06037433506,6037433506,2020,0
1400000US06037433601,6037433601,2020,0
1400000US06037433602,6037433602,2020,0
1400000US06037433803,6037433803,2020,0
1400000US06037433804,6037433804,2020,0
1400000US06037433901,6037433901,2020,0
1400000US06037433903,6037433903,2020,0
1400000US06037434001,6037434001,2020,0
1400000US06037434003,6037434003,2020,0
1400000US06037434004,6037434004,2020,0
1400000US06037460001,6037460001,2020,0
1400000US06037460002,6037460002,2020,0
1400000US06037460101,6037460101,2020,0
1400000US06037460200,6037460200,2020,0
1400000US06037460301,6037460301,2020,0
1400000US06037460302,6037460302,2020,0
1400000US06037460401,6037460401,2020,0
1400000US06037460501,6037460501,2020,0
1400000US06037460502,6037460502,2020,0
1400000US06037460601,6037460601,2020,0
1400000US06037460700,6037460700,2020,0
1400000US06037460800,6037460800,2020,0
1400000US06037460900,6037460900,2020,0
1400000US06037461100,6037461100,2020,0
1400000US06037461200,6037461200,2020,0
1400000US06037461300,6037461300,2020,0
1400000US06037461400,6037461400,2020,0
1400000US06037461501,6037461501,2020,0
1400000US06037461502,6037461502,2020,0
1400000US06037461600,6037461600,2020,0
1400000US06037461700,6037461700,2020,0
1400000US06037461901,6037461901,2020,0
1400000US06037461902,6037461902,2020,0
1400000US06037462001,6037462001,2020,0
1400000US06037462002,6037462002,2020,0
1400000US06037462201,6037462201,2020,0
1400000US06037462202,6037462202,2020,0
1400000US06037462301,6037462301,2020,0
1400000US06037462302,6037462302,2020,0
1400000US06037462400,6037462400,2020,0
1400000US06037462500,6037462500,2020,0
1400000US06037462600,6037462600,2020,0
1400000US06037462800,6037462800,2020,0
1400000US06037462900,6037462900,2020,0
1400000US06037463000,6037463000,2020,0
1400000US06037463103,6037463103,2020,0
1400000US06037463200,6037463200,2020,0
1400000US06037463300,6037463300,2020,0
1400000US06037463400,6037463400,2020,0
1400000US06037463500,6037463500,2020,0
1400000US06037463601,6037463601,2020,0
1400000US06037463602,6037463602,2020,0
1400000US06037463700,6037463700,2020,0
1400000US06037463800,6037463800,2020,0
1400000US06037463900,6037463900,2020,0
1400000US06037464000,6037464000,2020,0
1400000US06037464101,6037464101,2020,0
1400000US06037464102,6037464102,2020,0
1400000US06037464200,6037464200,2020,0
1400000US06037480002,6037480002,2020,0
1400000US06037480011,6037480011,2020,0
1400000US06037480012,6037480012,2020,0
1400000US06037480101,6037480101,2020,0
1400000US06037480102,6037480102,2020,0
1400000US06037480201,6037480201,2020,0
1400000US06037480202,6037480202,2020,0
1400000US06037480302,6037480302,2020,0
1400000US06037480303,6037480303,2020,0
1400000US06037480304,6037480304,2020,0
1400000US06037480400,6037480400,2020,0
1400000US06037480500,6037480500,2020,0
1400000US06037480601,6037480601,2020,0
1400000US06037480602,6037480602,2020,0
1400000US06037480702,6037480702,2020,0
1400000US06037480703,6037480703,2020,0
1400000US06037480704,6037480704,2020,0
1400000US06037480802,6037480802,2020,0
1400000US06037480803,6037480803,2020,0
1400000US06037480804,6037480804,2020,0
1400000US06037480901,6037480901,2020,0
1400000US06037480902,6037480902,2020,0
1400000US06037480903,6037480903,2020,0
1400000US06037481001,6037481001,2020,0
1400000US06037481002,6037481002,2020,0
1400000US06037481102,6037481102,2020,0
1400000US06037481103,6037481103,2020,0
1400000US06037481201,6037481201,2020,0
1400000US06037481203,6037481203,2020,0
1400000US06037481300,6037481300,2020,0
1400000US06037481401,6037481401,2020,0
1400000US06037481403,6037481403,2020,0
1400000US06037481404,6037481404,2020,0
1400000US06037481500,6037481500,2020,0
1400000US06037481603,6037481603,2020,0
1400000US06037481604,6037481604,2020,0
1400000US06037481605,6037481605,2020,0
1400000US06037481606,6037481606,2020,0
1400000US06037481711,6037481711,2020,0
1400000US06037481712,6037481712,2020,0
1400000US06037481713,6037481713,2020,0
1400000US06037481714,6037481714,2020,0
1400000US06037481800,6037481800,2020,0
1400000US06037481901,6037481901,2020,0
1400000US06037481902,6037481902,2020,0
1400000US06037482001,6037482001,2020,0
1400000US06037482002,6037482002,2020,0
1400000US06037482101,6037482101,2020,0
1400000US06037482102,6037482102,2020,0
1400000US06037482201,6037482201,2020,0
1400000US06037482202,6037482202,2020,0
1400000US06037482301,6037482301,2020,0
1400000US06037482303,6037482303,2020,0
1400000US06037482304,6037482304,2020,0
1400000US06037482401,6037482401,2020,0
1400000US06037482403,6037482403,2020,0
1400000US06037482404,6037482404,2020,0
1400000US06037482502,6037482502,2020,0
1400000US06037482503,6037482503,2020,0
1400000US06037482521,6037482521,2020,0
1400000US06037482522,6037482522,2020,0
1400000US06037482600,6037482600,2020,0
1400000US06037482701,6037482701,2020,0
1400000US06037482702,6037482702,2020,0
1400000US06037482801,6037482801,2020,0
1400000US06037500100,6037500100,2020,0
1400000US06037500202,6037500202,2020,0
1400000US06037500203,6037500203,2020,0
1400000US06037500204,6037500204,2020,0
1400000US06037500300,6037500300,2020,0
1400000US06037500402,6037500402,2020,0
1400000US06037500403,6037500403,2020,0
1400000US06037500404,6037500404,2020,0
1400000US06037500500,6037500500,2020,0
1400000US06037500600,6037500600,2020,0
1400000US06037500700,6037500700,2020,0
1400000US06037500800,6037500800,2020,0
1400000US06037500900,6037500900,2020,0
1400000US06037501001,6037501001,2020,0
1400000US06037501002,6037501002,2020,0
1400000US06037501200,6037501200,2020,0
1400000US06037501301,6037501301,2020,0
1400000US06037501302,6037501302,2020,0
1400000US06037501400,6037501400,2020,0
1400000US06037501501,6037501501,2020,0
1400000US06037501503,6037501503,2020,0
1400000US06037501504,6037501504,2020,0
1400000US06037501600,6037501600,2020,0
1400000US06037501700,6037501700,2020,0
1400000US06037501802,6037501802,2020,0
1400000US06037501803,6037501803,2020,0
1400000US06037501804,6037501804,2020,0
1400000US06037501900,6037501900,2020,0
1400000US06037502003,6037502003,2020,0
1400000US06037502004,6037502004,2020,0
1400000US06037502005,6037502005,2020,0
1400000US06037502100,6037502100,2020,0
1400000US06037502200,6037502200,2020,0
1400000US06037502303,6037502303,2020,0
1400000US06037502401,6037502401,2020,0
1400000US06037502402,6037502402,2020,0
1400000US06037502500,6037502500,2020,0
1400000US06037502602,6037502602,2020,0
1400000US06037502603,6037502603,2020,0
1400000US06037502604,6037502604,2020,0
1400000US06037502801,6037502801,2020,0
1400000US06037502901,6037502901,2020,0
1400000US06037503000,6037503000,2020,0
1400000US06037503103,6037503103,2020,0
1400000US06037503104,6037503104,2020,0
1400000US06037503105,6037503105,2020,0
1400000US06037503106,6037503106,2020,0
1400000US06037503201,6037503201,2020,0
1400000US06037503202,6037503202,2020,0
1400000US06037503301,6037503301,2020,0
1400000US06037503302,6037503302,2020,0
1400000US06037503401,6037503401,2020,0
1400000US06037503402,6037503402,2020,0
1400000US06037503501,6037503501,2020,0
1400000US06037503502,6037503502,2020,0
1400000US06037503601,6037503601,2020,0
1400000US06037503602,6037503602,2020,0
1400000US06037503701,6037503701,2020,0
1400000US06037503702,6037503702,2020,0
1400000US06037503704,6037503704,2020,0
1400000US06037503705,6037503705,2020,0
1400000US06037503801,6037503801,2020,0
1400000US06037503802,6037503802,2020,0
1400000US06037503901,6037503901,2020,0
1400000US06037503902,6037503902,2020,0
1400000US06037504001,6037504001,2020,0
1400000US06037504002,6037504002,2020,0
1400000US06037504101,6037504101,2020,0
1400000US06037504200,6037504200,2020,0
1400000US06037530005,6037530005,2020,0
1400000US06037530006,6037530006,2020,0
1400000US06037530007,6037530007,2020,0
1400000US06037530101,6037530101,2020,0
1400000US06037530102,6037530102,2020,0
1400000US06037530202,6037530202,2020,0
1400000US06037530203,6037530203,2020,0
1400000US06037530204,6037530204,2020,0
1400000US06037530301,6037530301,2020,0
1400000US06037530400,6037530400,2020,0
1400000US06037530603,6037530603,2020,0
1400000US06037530700,6037530700,2020,0
1400000US06037530801,6037530801,2020,0
1400000US06037530802,6037530802,2020,0
1400000US06037530901,6037530901,2020,0
1400000US06037530902,6037530902,2020,0
1400000US06037531102,6037531102,2020,0
1400000US06037531201,6037531201,2020,0
1400000US06037531202,6037531202,2020,0
1400000US06037531301,6037531301,2020,0
1400000US06037531302,6037531302,2020,0
1400000US06037531502,6037531502,2020,0
1400000US06037531503,6037531503,2020,0
1400000US06037531504,6037531504,2020,0
1400000US06037531602,6037531602,2020,0
1400000US06037531603,6037531603,2020,0
1400000US06037531604,6037531604,2020,0
1400000US06037531702,6037531702,2020,0
1400000US06037531800,6037531800,2020,0
1400000US06037531901,6037531901,2020,0
1400000US06037531902,6037531902,2020,0
1400000US06037532001,6037532001,2020,0
1400000US06037532101,6037532101,2020,0
1400000US06037532102,6037532102,2020,0
1400000US06037532200,6037532200,2020,0
1400000US06037532302,6037532302,2020,0
1400000US06037532303,6037532303,2020,0
1400000US06037532304,6037532304,2020,0
1400000US06037532500,6037532500,2020,0
1400000US06037532605,6037532605,2020,0
1400000US06037532606,6037532606,2020,0
1400000US06037532607,6037532607,2020,0
1400000US06037532700,6037532700,2020,0
1400000US06037532800,6037532800,2020,0
1400000US06037532900,6037532900,2020,0
1400000US06037533001,6037533001,2020,0
1400000US06037533002,6037533002,2020,0
1400000US06037533103,6037533103,2020,0
1400000US06037533104,6037533104,2020,0
1400000US06037533108,6037533108,2020,0
1400000US06037533201,6037533201,2020,0
1400000US06037533204,6037533204,2020,0
1400000US06037533300,6037533300,2020,0
1400000US06037533401,6037533401,2020,0
1400000US06037533402,6037533402,2020,0
1400000US06037533403,6037533403,2020,0
1400000US06037533501,6037533501,2020,0
1400000US06037533504,6037533504,2020,0
1400000US06037533601,6037533601,2020,0
1400000US06037533602,6037533602,2020,0
1400000US06037533603,6037533603,2020,0
1400000US06037533701,6037533701,2020,0
1400000US06037533702,6037533702,2020,0
1400000US06037533703,6037533703,2020,0
1400000US06037533803,6037533803,2020,0
1400000US06037533804,6037533804,2020,0
1400000US06037533805,6037533805,2020,0
1400000US06037533806,6037533806,2020,0
1400000US06037533901,6037533901,2020,0
1400000US06037533902,6037533902,2020,0
1400000US06037534001,6037534001,2020,0
1400000US06037534002,6037534002,2020,0
1400000US06037534101,6037534101,2020,0
1400000US06037534102,6037534102,2020,0
1400000US06037534201,6037534201,2020,0
1400000US06037534202,6037534202,2020,0
1400000US06037534203,6037534203,2020,0
1400000US06037534301,6037534301,2020,0
1400000US06037534302,6037534302,2020,0
1400000US06037534403,6037534403,2020,0
1400000US06037534404,6037534404,2020,0
1400000US06037534406,6037534406,2020,0
1400000US06037534501,6037534501,2020,0
1400000US06037534502,6037534502,2020,0
1400000US06037534700,6037534700,2020,0
1400000US06037534802,6037534802,2020,0
1400000US06037534803,6037534803,2020,0
1400000US06037534804,6037534804,2020,0
1400000US06037534900,6037534900,2020,0
1400000US06037535001,6037535001,2020,0
1400000US06037535002,6037535002,2020,0
1400000US06037535102,6037535102,2020,0
1400000US06037535200,6037535200,2020,0
1400000US06037535400,6037535400,2020,0
1400000US06037535501,6037535501,2020,0
1400000US06037535502,6037535502,2020,0
1400000US06037535503,6037535503,2020,0
1400000US06037535603,6037535603,2020,0
1400000US06037535604,6037535604,2020,0
1400000US06037535605,6037535605,2020,0
1400000US06037535606,6037535606,2020,0
1400000US06037535607,6037535607,2020,0
1400000US06037535701,6037535701,2020,0
1400000US06037535702,6037535702,2020,0
1400000US06037535802,6037535802,2020,0
1400000US06037535803,6037535803,2020,0
1400000US06037535804,6037535804,2020,0
1400000US06037535901,6037535901,2020,0
1400000US06037535902,6037535902,2020,0
1400000US06037536000,6037536000,2020,0
1400000US06037536102,6037536102,2020,0
1400000US06037536103,6037536103,2020,0
1400000US06037536104,6037536104,2020,0
1400000US06037536201,6037536201,2020,0
1400000US06037536202,6037536202,2020,0
1400000US06037540000,6037540000,2020,0
1400000US06037540101,6037540101,2020,0
1400000US06037540102,6037540102,2020,0
1400000US06037540201,6037540201,2020,0
1400000US06037540202,6037540202,2020,0
1400000US06037540203,6037540203,2020,0
1400000US06037540300,6037540300,2020,0
1400000US06037540400,6037540400,2020,0
1400000US06037540501,6037540501,2020,0
1400000US06037540502,6037540502,2020,0
1400000US06037540600,6037540600,2020,0
1400000US06037540800,6037540800,2020,0
1400000US06037540901,6037540901,2020,0
1400000US06037540902,6037540902,2020,0
1400000US06037541003,6037541003,2020,0
1400000US06037541100,6037541100,2020,0
1400000US06037541200,6037541200,2020,0
1400000US06037541300,6037541300,2020,0
1400000US06037541401,6037541401,2020,0
1400000US06037541402,6037541402,2020,0
1400000US06037541500,6037541500,2020,0
1400000US06037541603,6037541603,2020,0
1400000US06037541604,6037541604,2020,0
1400000US06037541605,6037541605,2020,0
1400000US06037541606,6037541606,2020,0
1400000US06037541700,6037541700,2020,0
1400000US06037541801,6037541801,2020,0
1400000US06037541802,6037541802,2020,0
1400000US06037542000,6037542000,2020,0
1400000US06037542103,6037542103,2020,0
1400000US06037542104,6037542104,2020,0
1400000US06037542105,6037542105,2020,0
1400000US06037542200,6037542200,2020,0
1400000US06037542501,6037542501,2020,0
1400000US06037542601,6037542601,2020,0
1400000US06037542700,6037542700,2020,0
1400000US06037542800,6037542800,2020,0
1400000US06037542900,6037542900,2020,0
1400000US06037543000,6037543000,2020,0
1400000US06037543100,6037543100,2020,0
1400000US06037543201,6037543201,2020,0
1400000US06037543203,6037543203,2020,0
1400000US06037543304,6037543304,2020,0
1400000US06037543305,6037543305,2020,0
1400000US06037543306,6037543306,2020,0
1400000US06037543321,6037543321,2020,0
1400000US06037543322,6037543322,2020,0
1400000US06037543400,6037543400,2020,0
1400000US06037543501,6037543501,2020,0
1400000US06037543503,6037543503,2020,0
1400000US06037543601,6037543601,2020,0
1400000US06037543605,6037543605,2020,0
1400000US06037543606,6037543606,2020,0
1400000US06037543607,6037543607,2020,0
1400000US06037543701,6037543701,2020,0
1400000US06037543703,6037543703,2020,0
1400000US06037543704,6037543704,2020,0
1400000US06037543705,6037543705,2020,0
1400000US06037543801,6037543801,2020,0
1400000US06037543803,6037543803,2020,0
1400000US06037543903,6037543903,2020,0
1400000US06037543905,6037543905,2020,0
1400000US06037544001,6037544001,2020,0
1400000US06037544002,6037544002,2020,0
1400000US06037550101,6037550101,2020,0
1400000US06037550201,6037550201,2020,0
1400000US06037550202,6037550202,2020,0
1400000US06037550301,6037550301,2020,0
1400000US06037550501,6037550501,2020,0
1400000US06037550502,6037550502,2020,0
1400000US06037550601,6037550601,2020,0
1400000US06037550602,6037550602,2020,0
1400000US06037550700,6037550700,2020,0
1400000US06037550801,6037550801,2020,0
1400000US06037550802,6037550802,2020,0
1400000US06037550901,6037550901,2020,0
1400000US06037550902,6037550902,2020,0
1400000US06037551001,6037551001,2020,0
1400000US06037551002,6037551002,2020,0
1400000US06037551101,6037551101,2020,0
1400000US06037551102,6037551102,2020,0
1400000US06037551201,6037551201,2020,0
1400000US06037551203,6037551203,2020,0
1400000US06037551204,6037551204,2020,0
1400000US06037551300,6037551300,2020,0
1400000US06037551401,6037551401,2020,0
1400000US06037551402,6037551402,2020,0
1400000US06037551501,6037551501,2020,0
1400000US06037551502,6037551502,2020,0
1400000US06037551700,6037551700,2020,0
1400000US06037551801,6037551801,2020,0
1400000US06037551802,6037551802,2020,0
1400000US06037551900,6037551900,2020,0
1400000US06037552001,6037552001,2020,0
1400000US06037552002,6037552002,2020,0
1400000US06037552100,6037552100,2020,0
1400000US06037552200,6037552200,2020,0
1400000US06037552301,6037552301,2020,0
1400000US06037552302,6037552302,2020,0
1400000US06037552400,6037552400,2020,0
1400000US06037552601,6037552601,2020,0
1400000US06037552602,6037552602,2020,0
1400000US06037552700,6037552700,2020,0
1400000US06037552800,6037552800,2020,0
1400000US06037552900,6037552900,2020,0
1400000US06037553000,6037553000,2020,0
1400000US06037553100,6037553100,2020,0
1400000US06037553201,6037553201,2020,0
1400000US06037553202,6037553202,2020,0
1400000US06037553300,6037553300,2020,0
1400000US06037553400,6037553400,2020,0
1400000US06037553503,6037553503,2020,0
1400000US06037553504,6037553504,2020,0
1400000US06037553601,6037553601,2020,0
1400000US06037553602,6037553602,2020,0
1400000US06037553701,6037553701,2020,0
1400000US06037553702,6037553702,2020,0
1400000US06037553801,6037553801,2020,0
1400000US06037553802,6037553802,2020,0
1400000US06037553901,6037553901,2020,0
1400000US06037553902,6037553902,2020,0
1400000US06037554001,6037554001,2020,0
1400000US06037554002,6037554002,2020,0
1400000US06037554101,6037554101,2020,0
1400000US06037554105,6037554105,2020,0
1400000US06037554106,6037554106,2020,0
1400000US06037554201,6037554201,2020,0
1400000US06037554203,6037554203,2020,0
1400000US06037554204,6037554204,2020,0
1400000US06037554301,6037554301,2020,0
1400000US06037554302,6037554302,2020,0
1400000US06037554403,6037554403,2020,0
1400000US06037554404,6037554404,2020,0
1400000US06037554405,6037554405,2020,0
1400000US06037554406,6037554406,2020,0
1400000US06037554511,6037554511,2020,0
1400000US06037554512,6037554512,2020,0
1400000US06037554513,6037554513,2020,0
1400000US06037554514,6037554514,2020,0
1400000US06037554515,6037554515,2020,0
1400000US06037554516,6037554516,2020,0
1400000US06037554517,6037554517,2020,0
1400000US06037554518,6037554518,2020,0
1400000US06037554519,6037554519,2020,0
1400000US06037554521,6037554521,2020,0
1400000US06037554522,6037554522,2020,0
1400000US06037554600,6037554600,2020,0
1400000US06037554700,6037554700,2020,0
1400000US06037554801,6037554801,2020,0
1400000US06037554802,6037554802,2020,0
1400000US06037554900,6037554900,2020,0
1400000US06037555001,6037555001,2020,0
1400000US06037555002,6037555002,2020,0
1400000US06037555105,6037555105,2020,0
1400000US06037555106,6037555106,2020,0
1400000US06037555107,6037555107,2020,0
1400000US06037555202,6037555202,2020,0
1400000US06037555211,6037555211,2020,0
1400000US06037555212,6037555212,2020,0
1400000US06037555300,6037555300,2020,0
1400000US06037570001,6037570001,2020,0
1400000US06037570002,6037570002,2020,0
1400000US06037570003,6037570003,2020,0
1400000US06037570100,6037570100,2020,0
1400000US06037570202,6037570202,2020,0
1400000US06037570203,6037570203,2020,0
1400000US06037570204,6037570204,2020,0
1400000US06037570303,6037570303,2020,0
1400000US06037570304,6037570304,2020,0
1400000US06037570305,6037570305,2020,0
1400000US06037570306,6037570306,2020,0
1400000US06037570402,6037570402,2020,0
1400000US06037570403,6037570403,2020,0
1400000US06037570404,6037570404,2020,0
1400000US06037570502,6037570502,2020,0
1400000US06037570503,6037570503,2020,0
1400000US06037570504,6037570504,2020,0
1400000US06037570601,6037570601,2020,0
1400000US06037570602,6037570602,2020,0
1400000US06037570603,6037570603,2020,0
1400000US06037570701,6037570701,2020,0
1400000US06037570703,6037570703,2020,0
1400000US06037570800,6037570800,2020,0
1400000US06037570901,6037570901,2020,0
1400000US06037570902,6037570902,2020,0
1400000US06037571000,6037571000,2020,0
1400000US06037571101,6037571101,2020,0
1400000US06037571102,6037571102,2020,0
1400000US06037571201,6037571201,2020,0
1400000US06037571202,6037571202,2020,0
1400000US06037571300,6037571300,2020,0
1400000US06037571400,6037571400,2020,0
1400000US06037571502,6037571502,2020,0
1400000US06037571504,6037571504,2020,0
1400000US06037571505,6037571505,2020,0
1400000US06037571600,6037571600,2020,0
1400000US06037571701,6037571701,2020,0
1400000US06037571703,6037571703,2020,0
1400000US06037571704,6037571704,2020,0
1400000US06037571800,6037571800,2020,0
1400000US06037571900,6037571900,2020,0
1400000US06037572001,6037572001,2020,0
1400000US06037572202,6037572202,2020,0
1400000US06037572301,6037572301,2020,0
1400000US06037572500,6037572500,2020,0
1400000US06037572700,6037572700,2020,0
1400000US06037573002,6037573002,2020,0
1400000US06037573003,6037573003,2020,0
1400000US06037573004,6037573004,2020,0
1400000US06037573101,6037573101,2020,0
1400000US06037573102,6037573102,2020,0
1400000US06037573201,6037573201,2020,0
1400000US06037573202,6037573202,2020,0
1400000US06037573300,6037573300,2020,0
1400000US06037573401,6037573401,2020,0
1400000US06037573402,6037573402,2020,0
1400000US06037573403,6037573403,2020,0
1400000US06037573601,6037573601,2020,0
1400000US06037573700,6037573700,2020,0
1400000US06037573800,6037573800,2020,0
1400000US06037573902,6037573902,2020,0
1400000US06037574000,6037574000,2020,0
1400000US06037574100,6037574100,2020,0
1400000US06037574201,6037574201,2020,0
1400000US06037574202,6037574202,2020,0
1400000US06037574300,6037574300,2020,0
1400000US06037574500,6037574500,2020,0
1400000US06037574602,6037574602,2020,0
1400000US06037574800,6037574800,2020,0
1400000US06037574901,6037574901,2020,0
1400000US06037574902,6037574902,2020,0
1400000US06037575001,6037575001,2020,0
1400000US06037575002,6037575002,2020,0
1400000US06037575101,6037575101,2020,0
1400000US06037575102,6037575102,2020,0
1400000US06037575103,6037575103,2020,0
1400000US06037575201,6037575201,2020,0
1400000US06037575202,6037575202,2020,0
1400000US06037575300,6037575300,2020,0
1400000US06037575401,6037575401,2020,0
1400000US06037575402,6037575402,2020,0
1400000US06037575801,6037575801,2020,0
1400000US06037575802,6037575802,2020,0
1400000US06037575803,6037575803,2020,0
1400000US06037575901,6037575901,2020,0
1400000US06037575902,6037575902,2020,0
1400000US06037576001,6037576001,2020,0
1400000US06037576302,6037576302,2020,0
1400000US06037576401,6037576401,2020,0
1400000US06037576402,6037576402,2020,0
1400000US06037576403,6037576403,2020,0
1400000US06037576501,6037576501,2020,0
1400000US06037576502,6037576502,2020,0
1400000US06037576503,6037576503,2020,0
1400000US06037576601,6037576601,2020,0
1400000US06037576602,6037576602,2020,0
1400000US06037576700,6037576700,2020,0
1400000US06037576801,6037576801,2020,0
1400000US06037576802,6037576802,2020,0
1400000US06037576901,6037576901,2020,0
1400000US06037576903,6037576903,2020,0
1400000US06037576904,6037576904,2020,0
1400000US06037577100,6037577100,2020,0
1400000US06037577200,6037577200,2020,0
1400000US06037577300,6037577300,2020,0
1400000US06037577400,6037577400,2020,0
1400000US06037577501,6037577501,2020,0
1400000US06037577504,6037577504,2020,0
1400000US06037577602,6037577602,2020,0
1400000US06037577604,6037577604,2020,0
1400000US06037577605,6037577605,2020,0
1400000US06037577606,6037577606,2020,0
1400000US06037577700,6037577700,2020,0
1400000US06037577800,6037577800,2020,0
1400000US06037577900,6037577900,2020,0
1400000US06037578000,6037578000,2020,0
1400000US06037578100,6037578100,2020,0
1400000US06037599000,6037599000,2020,0
1400000US06037599100,6037599100,2020,0
1400000US06037600100,6037600100,2020,0
1400000US06037600201,6037600201,2020,0
1400000US06037600202,6037600202,2020,0
1400000US06037600303,6037600303,2020,0
1400000US06037600400,6037600400,2020,0
1400000US06037600501,6037600501,2020,0
1400000US06037600601,6037600601,2020,0
1400000US06037600602,6037600602,2020,0
1400000US06037600702,6037600702,2020,0
1400000US06037600703,6037600703,2020,0
1400000US06037600704,6037600704,2020,0
1400000US06037600801,6037600801,2020,0
1400000US06037600802,6037600802,2020,0
1400000US06037600902,6037600902,2020,0
1400000US06037600911,6037600911,2020,0
1400000US06037600912,6037600912,2020,0
1400000US06037601001,6037601001,2020,0
1400000US06037601002,6037601002,2020,0
1400000US06037601100,6037601100,2020,0
1400000US06037601202,6037601202,2020,0
1400000US06037601211,6037601211,2020,0
1400000US06037601212,6037601212,2020,0
1400000US06037601301,6037601301,2020,0
1400000US06037601302,6037601302,2020,0
1400000US06037601303,6037601303,2020,0
1400000US06037601401,6037601401,2020,0
1400000US06037601402,6037601402,2020,0
1400000US06037601502,6037601502,2020,0
1400000US06037601600,6037601600,2020,0
1400000US06037601700,6037601700,2020,0
1400000US06037601801,6037601801,2020,0
1400000US06037601802,6037601802,2020,0
1400000US06037601900,6037601900,2020,0
1400000US06037602002,6037602002,2020,0
1400000US06037602003,6037602003,2020,0
1400000US06037602103,6037602103,2020,0
1400000US06037602104,6037602104,2020,0
1400000US06037602105,6037602105,2020,0
1400000US06037602106,6037602106,2020,0
1400000US06037602201,6037602201,2020,0
1400000US06037602202,6037602202,2020,0
1400000US06037602301,6037602301,2020,0
1400000US06037602302,6037602302,2020,0
1400000US06037602402,6037602402,2020,0
1400000US06037602403,6037602403,2020,0
1400000US06037602404,6037602404,2020,0
1400000US06037602504,6037602504,2020,0
1400000US06037602505,6037602505,2020,0
1400000US06037602506,6037602506,2020,0
1400000US06037602507,6037602507,2020,0
1400000US06037602510,6037602510,2020,0
1400000US06037602511,6037602511,2020,0
1400000US06037602512,6037602512,2020,0
1400000US06037602513,6037602513,2020,0
1400000US06037602602,6037602602,2020,0
1400000US06037602700,6037602700,2020,0
1400000US06037602801,6037602801,2020,0
1400000US06037602802,6037602802,2020,0
1400000US06037603004,6037603004,2020,0
1400000US06037603005,6037603005,2020,0
1400000US06037603006,6037603006,2020,0
1400000US06037603007,6037603007,2020,0
1400000US06037603008,6037603008,2020,0
1400000US06037603101,6037603101,2020,0
1400000US06037603102,6037603102,2020,0
1400000US06037603200,6037603200,2020,0
1400000US06037603301,6037603301,2020,0
1400000US06037603302,6037603302,2020,0
1400000US06037603400,6037603400,2020,0
1400000US06037603500,6037603500,2020,0
1400000US06037603600,6037603600,2020,0
1400000US06037603702,6037603702,2020,0
1400000US06037603703,6037603703,2020,0
1400000US06037603705,6037603705,2020,0
1400000US06037603706,6037603706,2020,0
1400000US06037603801,6037603801,2020,0
1400000US06037603901,6037603901,2020,0
1400000US06037603902,6037603902,2020,0
1400000US06037604001,6037604001,2020,0
1400000US06037604002,6037604002,2020,0
1400000US06037604101,6037604101,2020,0
1400000US06037604102,6037604102,2020,0
1400000US06037604200,6037604200,2020,0
1400000US06037620001,6037620001,2020,0
1400000US06037620002,6037620002,2020,0
1400000US06037620101,6037620101,2020,0
1400000US06037620102,6037620102,2020,0
1400000US06037620201,6037620201,2020,0
1400000US06037620301,6037620301,2020,0
1400000US06037620303,6037620303,2020,0
1400000US06037620305,6037620305,2020,0
1400000US06037620400,6037620400,2020,0
1400000US06037620501,6037620501,2020,0
1400000US06037620521,6037620521,2020,0
1400000US06037620522,6037620522,2020,0
1400000US06037620601,6037620601,2020,0
1400000US06037620602,6037620602,2020,0
1400000US06037620701,6037620701,2020,0
1400000US06037620703,6037620703,2020,0
1400000US06037620704,6037620704,2020,0
1400000US06037620801,6037620801,2020,0
1400000US06037620802,6037620802,2020,0
1400000US06037620901,6037620901,2020,0
1400000US06037620904,6037620904,2020,0
1400000US06037621005,6037621005,2020,0
1400000US06037621102,6037621102,2020,0
1400000US06037621104,6037621104,2020,0
1400000US06037621201,6037621201,2020,0
1400000US06037621204,6037621204,2020,0
1400000US06037621301,6037621301,2020,0
1400000US06037621324,6037621324,2020,0
1400000US06037621326,6037621326,2020,0
1400000US06037650001,6037650001,2020,0
1400000US06037650003,6037650003,2020,0
1400000US06037650004,6037650004,2020,0
1400000US06037650101,6037650101,2020,0
1400000US06037650102,6037650102,2020,0
1400000US06037650200,6037650200,2020,0
1400000US06037650300,6037650300,2020,0
1400000US06037650401,6037650401,2020,0
1400000US06037650501,6037650501,2020,0
1400000US06037650502,6037650502,2020,0
1400000US06037650603,6037650603,2020,0
1400000US06037650604,6037650604,2020,0
1400000US06037650605,6037650605,2020,0
1400000US06037650606,6037650606,2020,0
1400000US06037650607,6037650607,2020,0
1400000US06037650701,6037650701,2020,0
1400000US06037650702,6037650702,2020,0
1400000US06037650801,6037650801,2020,0
1400000US06037650802,6037650802,2020,0
1400000US06037650901,6037650901,2020,0
1400000US06037650903,6037650903,2020,0
1400000US06037650904,6037650904,2020,0
1400000US06037651001,6037651001,2020,0
1400000US06037651002,6037651002,2020,0
1400000US06037651101,6037651101,2020,0
1400000US06037651102,6037651102,2020,0
1400000US06037651201,6037651201,2020,0
1400000US06037651221,6037651221,2020,0
1400000US06037651222,6037651222,2020,0
1400000US06037651302,6037651302,2020,0
1400000US06037651304,6037651304,2020,0
1400000US06037651401,6037651401,2020,0
1400000US06037651402,6037651402,2020,0
1400000US06037670001,6037670001,2020,0
1400000US06037670003,6037670003,2020,0
1400000US06037670102,6037670102,2020,0
1400000US06037670201,6037670201,2020,0
1400000US06037670202,6037670202,2020,0
1400000US06037670324,6037670324,2020,0
1400000US06037670326,6037670326,2020,0
1400000US06037670328,6037670328,2020,0
1400000US06037670405,6037670405,2020,0
1400000US06037670406,6037670406,2020,0
1400000US06037670407,6037670407,2020,0
1400000US06037670413,6037670413,2020,0
1400000US06037670416,6037670416,2020,0
1400000US06037670417,6037670417,2020,0
1400000US06037670418,6037670418,2020,0
1400000US06037670500,6037670500,2020,0
1400000US06037670603,6037670603,2020,0
1400000US06037670604,6037670604,2020,0
1400000US06037670701,6037670701,2020,0
1400000US06037670702,6037670702,2020,0
1400000US06037700101,6037700101,2020,0
1400000US06037700102,6037700102,2020,0
1400000US06037700200,6037700200,2020,0
1400000US06037700300,6037700300,2020,0
1400000US06037700400,6037700400,2020,0
1400000US06037700501,6037700501,2020,0
1400000US06037700502,6037700502,2020,0
1400000US06037700600,6037700600,2020,0
1400000US06037700700,6037700700,2020,0
1400000US06037700801,6037700801,2020,0
1400000US06037700802,6037700802,2020,0
1400000US06037700901,6037700901,2020,0
1400000US06037700902,6037700902,2020,0
1400000US06037701000,6037701000,2020,0
1400000US06037701201,6037701201,2020,0
1400000US06037701202,6037701202,2020,0
1400000US06037701302,6037701302,2020,0
1400000US06037701304,6037701304,2020,0
1400000US06037701402,6037701402,2020,0
1400000US06037701501,6037701501,2020,0
1400000US06037701502,6037701502,2020,0
1400000US06037701601,6037701601,2020,0
1400000US06037701602,6037701602,2020,0
1400000US06037701702,6037701702,2020,0
1400000US06037701801,6037701801,2020,0
1400000US06037701802,6037701802,2020,0
1400000US06037702002,6037702002,2020,0
1400000US06037702102,6037702102,2020,0
1400000US06037702201,6037702201,2020,0
1400000US06037702202,6037702202,2020,0
1400000US06037702300,6037702300,2020,0
1400000US06037702400,6037702400,2020,0
1400000US06037702502,6037702502,2020,0
1400000US06037702600,6037702600,2020,0
1400000US06037702700,6037702700,2020,0
1400000US06037702801,6037702801,2020,0
1400000US06037702802,6037702802,2020,0
1400000US06037702803,6037702803,2020,0
1400000US06037702900,6037702900,2020,0
1400000US06037703002,6037703002,2020,0
1400000US06037703003,6037703003,2020,0
1400000US06037703100,6037703100,2020,0
1400000US06037703200,6037703200,2020,0
1400000US06037800101,6037800101,2020,0
1400000US06037800103,6037800103,2020,0
1400000US06037800104,6037800104,2020,0
1400000US06037800202,6037800202,2020,0
1400000US06037800204,6037800204,2020,0
1400000US06037800205,6037800205,2020,0
1400000US06037800206,6037800206,2020,0
1400000US06037800324,6037800324,2020,0
1400000US06037800325,6037800325,2020,0
1400000US06037800328,6037800328,2020,0
1400000US06037800333,6037800333,2020,0
1400000US06037800334,6037800334,2020,0
1400000US06037800335,6037800335,2020,0
1400000US06037800336,6037800336,2020,0
1400000US06037800337,6037800337,2020,0
1400000US06037800338,6037800338,2020,0
1400000US06037800406,6037800406,2020,0
1400000US06037800410,6037800410,2020,0
1400000US06037800411,6037800411,2020,0
1400000US06037800412,6037800412,2020,0
1400000US06037800504,6037800504,2020,0
1400000US06037800506,6037800506,2020,0
1400000US06037900102,6037900102,2020,0
1400000US06037900103,6037900103,2020,0
1400000US06037900104,6037900104,2020,0
1400000US06037900301,6037900301,2020,0
1400000US06037900501,6037900501,2020,0
1400000US06037900504,6037900504,2020,0
1400000US06037900505,6037900505,2020,0
1400000US06037900506,6037900506,2020,0
1400000US06037900508,6037900508,2020,0
1400000US06037900509,6037900509,2020,0
1400000US06037900510,6037900510,2020,0
1400000US06037900602,6037900602,2020,0
1400000US06037900606,6037900606,2020,0
1400000US06037900607,6037900607,2020,0
1400000US06037900608,6037900608,2020,0
1400000US06037900609,6037900609,2020,0
1400000US06037900610,6037900610,2020,0
1400000US06037900611,6037900611,2020,0
1400000US06037900703,6037900703,2020,0
1400000US06037900705,6037900705,2020,0
1400000US06037900804,6037900804,2020,0
1400000US06037900805,6037900805,2020,0
1400000US06037900807,6037900807,2020,0
1400000US06037900808,6037900808,2020,0
1400000US06037900901,6037900901,2020,0
1400000US06037900902,6037900902,2020,0
1400000US06037901003,6037901003,2020,0
1400000US06037901007,6037901007,2020,0
1400000US06037901008,6037901008,2020,0
1400000US06037901009,6037901009,2020,0
1400000US06037901010,6037901010,2020,0
1400000US06037901011,6037901011,2020,0
1400000US06037901012,6037901012,2020,0
1400000US06037901013,6037901013,2020,0
1400000US06037901014,6037901014,2020,0
1400000US06037901101,6037901101,2020,0
1400000US06037901102,6037901102,2020,0
1400000US06037901209,6037901209,2020,0
1400000US06037901210,6037901210,2020,0
1400000US06037901214,6037901214,2020,0
1400000US06037901215,6037901215,2020,0
1400000US06037901216,6037901216,2020,0
1400000US06037901217,6037901217,2020,0
1400000US06037901218,6037901218,2020,0
1400000US06037901300,6037901300,2020,0
1400000US06037910002,6037910002,2020,0
1400000US06037910210,6037910210,2020,0
1400000US06037910211,6037910211,2020,0
1400000US06037910212,6037910212,2020,0
1400000US06037910213,6037910213,2020,0
1400000US06037910214,6037910214,2020,0
1400000US06037910215,6037910215,2020,0
1400000US06037910216,6037910216,2020,0
1400000US06037910217,6037910217,2020,0
1400000US06037910218,6037910218,2020,0
1400000US06037910301,6037910301,2020,0
1400000US06037910302,6037910302,2020,0
1400000US06037910401,6037910401,2020,0
1400000US06037910404,6037910404,2020,0
1400000US06037910405,6037910405,2020,0
1400000US06037910501,6037910501,2020,0
1400000US06037910502,6037910502,2020,0
1400000US06037910504,6037910504,2020,0
1400000US06037910505,6037910505,2020,0
1400000US06037910601,6037910601,2020,0
1400000US06037910602,6037910602,2020,0
1400000US06037910605,6037910605,2020,0
1400000US06037910606,6037910606,2020,0
1400000US06037910607,6037910607,2020,0
1400000US06037910608,6037910608,2020,0
1400000US06037910706,6037910706,2020,0
1400000US06037910707,6037910707,2020,0
1400000US06037910709,6037910709,2020,0
1400000US06037910712,6037910712,2020,0
1400000US06037910713,6037910713,2020,0
1400000US06037910714,6037910714,2020,0
1400000US06037910715,6037910715,2020,0
1400000US06037910716,6037910716,2020,0
1400000US06037910717,6037910717,2020,0
1400000US06037910718,6037910718,2020,0
1400000US06037910719,6037910719,2020,0
1400000US06037910720,6037910720,2020,0
1400000US06037910721,6037910721,2020,0
1400000US06037910804,6037910804,2020,0
1400000US06037910807,6037910807,2020,0
1400000US06037910808,6037910808,2020,0
1400000US06037910809,6037910809,2020,0
1400000US06037910810,6037910810,2020,0
1400000US06037910814,6037910814,2020,0
1400000US06037911001,6037911001,2020,0
1400000US06037911100,6037911100,2020,0
1400000US06037920013,6037920013,2020,0
1400000US06037920015,6037920015,2020,0
1400000US06037920016,6037920016,2020,0
1400000US06037920017,6037920017,2020,0
1400000US06037920018,6037920018,2020,0
1400000US06037920020,6037920020,2020,0
1400000US06037920028,6037920028,2020,0
1400000US06037920029,6037920029,2020,0
1400000US06037920030,6037920030,2020,0
1400000US06037920031,6037920031,2020,0
1400000US06037920034,6037920034,2020,0
1400000US06037920035,6037920035,2020,0
1400000US06037920038,6037920038,2020,0
1400000US06037920039,6037920039,2020,0
1400000US06037920040,6037920040,2020,0
1400000US06037920041,6037920041,2020,0
1400000US06037920042,6037920042,2020,0
1400000US06037920043,6037920043,2020,0
1400000US06037920044,6037920044,2020,0
1400000US06037920045,6037920045,2020,0
1400000US06037920046,6037920046,2020,0
1400000US06037920047,6037920047,2020,0
1400000US06037920048,6037920048,2020,0
1400000US06037920049,6037920049,2020,0
1400000US06037920050,6037920050,2020,0
1400000US06037920102,6037920102,2020,0
1400000US06037920104,6037920104,2020,0
1400000US06037920106,6037920106,2020,0
1400000US06037920109,6037920109,2020,0
1400000US06037920110,6037920110,2020,0
1400000US06037920111,6037920111,2020,0
1400000US06037920112,6037920112,2020,0
1400000US06037920114,6037920114,2020,0
1400000US06037920116,6037920116,2020,0
1400000US06037920118,6037920118,2020,0
1400000US06037920119,6037920119,2020,0
1400000US06037920120,6037920120,2020,0
1400000US06037920121,6037920121,2020,0
1400000US06037920200,6037920200,2020,0
1400000US06037920303,6037920303,2020,0
1400000US06037920313,6037920313,2020,0
1400000US06037920314,6037920314,2020,0
1400000US06037920322,6037920322,2020,0
1400000US06037920326,6037920326,2020,0
1400000US06037920328,6037920328,2020,0
1400000US06037920329,6037920329,2020,0
1400000US06037920330,6037920330,2020,0
1400000US06037920331,6037920331,2020,0
1400000US06037920332,6037920332,2020,0
1400000US06037920334,6037920334,2020,0
1400000US06037920338,6037920338,2020,0
1400000US06037920339,6037920339,2020,0
1400000US06037920340,6037920340,2020,0
1400000US06037920342,6037920342,2020,0
1400000US06037920343,6037920343,2020,0
1400000US06037930400,6037930400,2020,0
1400000US06037980001,6037980001,2020,0
1400000US06037980002,6037980002,2020,0
1400000US06037980003,6037980003,2020,0
1400000US06037980004,6037980004,2020,0
1400000US06037980005,6037980005,2020,0
1400000US06037980006,6037980006,2020,0
1400000US06037980007,6037980007,2020,0
1400000US06037980009,6037980009,2020,0
1400000US06037980010,6037980010,2020,0
1400000US06037980011,6037980011,2020,0
1400000US06037980012,6037980012,2020,0
1400000US06037980013,6037980013,2020,0
1400000US06037980014,6037980014,2020,0
1400000US06037980015,6037980015,2020,0
1400000US06037980016,6037980016,2020,0
1400000US06037980017,6037980017,2020,0
1400000US06037980018,6037980018,2020,0
1400000US06037980019,6037980019,2020,0
1400000US06037980020,6037980020,2020,0
1400000US06037980021,6037980021,2020,0
1400000US06037980022,6037980022,2020,0
1400000US06037980023,6037980023,2020,0
1400000US06037980024,6037980024,2020,0
1400000US06037980025,6037980025,2020,0
1400000US06037980026,6037980026,2020,0
1400000US06037980028,6037980028,2020,0
1400000US06037980030,6037980030,2020,0
1400000US06037980031,6037980031,2020,0
1400000US06037980033,6037980033,2020,0
1400000US06037980034,6037980034,2020,0
1400000US06037980035,6037980035,2020,0
1400000US06037980036,6037980036,2020,0
1400000US06037980037,6037980037,2020,0
1400000US06037980038,6037980038,2020,0
1400000US06037980039,6037980039,2020,0
